<?xml version="1.0" encoding="UTF-8"?>
<dxl:DXLMessage xmlns:dxl="http://greenplum.com/dxl/2010/12/">
  <dxl:Statistics>
    <dxl:DerivedRelationStats Rows="305.270000" EmptyRelation="false">
      <dxl:DerivedColumnStats ColId="1" Width="4.000000" NullFreq="0.000000" NdvRemain="0.000000" FreqRemain="0.000000">
        <dxl:StatsBucket Frequency="0.280705" DistinctValues="1.000000">
          <dxl:LowerBound Closed="true" TypeMdid="0.23.1.0" Value="13"/>
          <dxl:UpperBound Closed="true" TypeMdid="0.23.1.0" Value="13"/>
        </dxl:StatsBucket>
        <dxl:StatsBucket Frequency="0.251461" DistinctValues="1.000000">
          <dxl:LowerBound Closed="true" TypeMdid="0.23.1.0" Value="25"/>
          <dxl:UpperBound Closed="true" TypeMdid="0.23.1.0" Value="25"/>
        </dxl:StatsBucket>
        <dxl:StatsBucket Frequency="0.233917" DistinctValues="1.000000">
          <dxl:LowerBound Closed="true" TypeMdid="0.23.1.0" Value="47"/>
          <dxl:UpperBound Closed="true" TypeMdid="0.23.1.0" Value="47"/>
        </dxl:StatsBucket>
        <dxl:StatsBucket Frequency="0.233917" DistinctValues="1.000000">
          <dxl:LowerBound Closed="true" TypeMdid="0.23.1.0" Value="49"/>
          <dxl:UpperBound Closed="true" TypeMdid="0.23.1.0" Value="49"/>
        </dxl:StatsBucket>
      </dxl:DerivedColumnStats>
    </dxl:DerivedRelationStats>
  </dxl:Statistics>
</dxl:DXLMessage>
