<?xml version="1.0" encoding="UTF-8"?>
<dxl:DXLMessage xmlns:dxl="http://greenplum.com/dxl/2010/12/">
  <dxl:Statistics>
    <dxl:DerivedRelationStats Rows="7372740.840000" EmptyRelation="false">
      <dxl:DerivedColumnStats ColId="61" Width="4.000000" NullFreq="0.000000" NdvRemain="0.000000" FreqRemain="0.000000">
        <dxl:StatsBucket Frequency="0.500000" DistinctValues="1.000000">
          <dxl:LowerBound Closed="true" TypeMdid="0.23.1.0" Value="2001"/>
          <dxl:UpperBound Closed="true" TypeMdid="0.23.1.0" Value="2001"/>
        </dxl:StatsBucket>
        <dxl:StatsBucket Frequency="0.500000" DistinctValues="1.000000">
          <dxl:LowerBound Closed="true" TypeMdid="0.23.1.0" Value="2002"/>
          <dxl:UpperBound Closed="true" TypeMdid="0.23.1.0" Value="2002"/>
        </dxl:StatsBucket>
      </dxl:DerivedColumnStats>
      <dxl:DerivedColumnStats ColId="90" Width="8.000000" NullFreq="0.000000" NdvRemain="0.000000" FreqRemain="0.000000"/>
      <dxl:DerivedColumnStats ColId="91" Width="8.000000" NullFreq="0.000000" NdvRemain="0.000000" FreqRemain="0.000000">
        <dxl:StatsBucket Frequency="1.000000" DistinctValues="1.000000">
          <dxl:LowerBound Closed="true" TypeMdid="0.25.1.0" Value="AAAABXM=" LintValue="160588332"/>
          <dxl:UpperBound Closed="true" TypeMdid="0.25.1.0" Value="AAAABXM=" LintValue="160588332"/>
        </dxl:StatsBucket>
      </dxl:DerivedColumnStats>
    </dxl:DerivedRelationStats>
  </dxl:Statistics>
</dxl:DXLMessage>
