<?xml version="1.0" encoding="UTF-8"?>
<dxl:DXLMessage xmlns:dxl="http://greenplum.com/dxl/2010/12/">
  <dxl:Statistics>
    <dxl:DerivedRelationStats Rows="1000.0000">
      <dxl:DerivedColumnStats ColId="1" Width="4.000000" NullFreq="1.000000" NdvRemain="0.000000" FreqRemain="0.000000"/>
    </dxl:DerivedRelationStats>
    <dxl:DerivedRelationStats Rows="1000.0000">
      <dxl:DerivedColumnStats ColId="2" Width="4.000000" NullFreq="1.000000" NdvRemain="0.000000" FreqRemain="0.000000"/>
    </dxl:DerivedRelationStats>
  </dxl:Statistics>
</dxl:DXLMessage>
