<?xml version="1.0" encoding="UTF-8"?>
<dxl:DXLMessage xmlns:dxl="http://greenplum.com/dxl/2010/12/">
  <dxl:Statistics>
    <dxl:DerivedRelationStats Rows="2000.000000">
      <dxl:DerivedColumnStats ColId="1" Width="4.000000" NullFreq="0.000000" NdvRemain="0.000000" FreqRemain="0.000000">
        <dxl:StatsBucket Frequency="0.200000" DistinctValues="5.000000">
          <dxl:LowerBound Closed="true" TypeMdid="0.23.1.0" Value="1"/>
          <dxl:UpperBound Closed="false" TypeMdid="0.23.1.0" Value="5"/>
        </dxl:StatsBucket>
        <dxl:StatsBucket Frequency="0.300000" DistinctValues="5.000000">
          <dxl:LowerBound Closed="true" TypeMdid="0.23.1.0" Value="5"/>
          <dxl:UpperBound Closed="false" TypeMdid="0.23.1.0" Value="10"/>
        </dxl:StatsBucket>
        <dxl:StatsBucket Frequency="0.100000" DistinctValues="5.000000">
          <dxl:LowerBound Closed="true" TypeMdid="0.23.1.0" Value="10"/>
          <dxl:UpperBound Closed="true" TypeMdid="0.23.1.0" Value="14"/>
        </dxl:StatsBucket>
      </dxl:DerivedColumnStats>
    </dxl:DerivedRelationStats>
  </dxl:Statistics>
</dxl:DXLMessage>
