<?xml version="1.0" encoding="UTF-8"?>
<dxl:DXLMessage xmlns:dxl="http://greenplum.com/dxl/2010/12/">
  <dxl:Plan>
    <dxl:GatherMotion InputSegments="0,1" OutputSegments="-1">
      <dxl:Properties>
        <dxl:Cost StartupCost="10" TotalCost="100" Rows="246" Width="5"/>
      </dxl:Properties>
      <dxl:ProjList>
        <dxl:ProjElem ColId="0" Alias="T.A">
          <dxl:Ident ColId="0" ColName="T.A" TypeMdid="0.23.1.0"/>
        </dxl:ProjElem>
        <dxl:ProjElem ColId="1" Alias="T.B">
          <dxl:Ident ColId="1" ColName="T.B" TypeMdid="0.16.1.0"/>
        </dxl:ProjElem>
      </dxl:ProjList>
      <dxl:Filter/>
      <dxl:SortingColumnList/>
      <dxl:TableScan>
        <dxl:Properties>
          <dxl:Cost StartupCost="10" TotalCost="100" Rows="246" Width="5"/>
        </dxl:Properties>
        <dxl:ProjList>
          <dxl:ProjElem ColId="0" Alias="T.A">
            <dxl:Ident ColId="0" ColName="T.A" TypeMdid="0.23.1.0"/>
          </dxl:ProjElem>
          <dxl:ProjElem ColId="1" Alias="T.B">
            <dxl:Ident ColId="1" ColName="T.B" TypeMdid="0.16.1.0"/>
          </dxl:ProjElem>
        </dxl:ProjList>
        <dxl:Filter>
          <dxl:Comparison ComparisonOperator="=" OperatorMdid="0.91.1.0">
            <dxl:Ident ColId="1" ColName="T.B" TypeMdid="0.16.1.0"/>
            <dxl:ConstValue TypeMdid="0.16.1.0" ConstNull="false" ConstByValue="true" Value="AQ=="/>
          </dxl:Comparison>
        </dxl:Filter>
        <dxl:TableDescriptor Mdid="0.1234.1.1" TableName="T">
          <dxl:Columns>
            <dxl:Column ColId="0" Attno="1" ColName="A" TypeMdid="0.23.1.0"/>
            <dxl:Column ColId="1" Attno="2" ColName="B" TypeMdid="0.16.1.0"/>
            <dxl:Column ColId="2" Attno="3" ColName="C" TypeMdid="0.16.1.0"/>
          </dxl:Columns>
        </dxl:TableDescriptor>
      </dxl:TableScan>
    </dxl:GatherMotion>
  </dxl:Plan>
</dxl:DXLMessage>
