<?xml version="1.0" encoding="UTF-8"?>
<dxl:DXLMessage xmlns:dxl="http://greenplum.com/dxl/2010/12/">
  <dxl:Statistics>
    <dxl:DerivedRelationStats Rows="1000.0000">
      <dxl:DerivedColumnStats ColId="1" Width="4.000000" NullFreq="0.250000" NdvRemain="0.000000" FreqRemain="0.000000">
        <dxl:StatsBucket Frequency="0.250000" DistinctValues="1.000000">
          <dxl:LowerBound Closed="true" TypeMdid="0.23.1.0" Value="1"/>
          <dxl:UpperBound Closed="true" TypeMdid="0.23.1.0" Value="1"/>
        </dxl:StatsBucket>
        <dxl:StatsBucket Frequency="0.250000" DistinctValues="1.000000">
          <dxl:LowerBound Closed="true" TypeMdid="0.23.1.0" Value="2"/>
          <dxl:UpperBound Closed="true" TypeMdid="0.23.1.0" Value="2"/>
        </dxl:StatsBucket>
        <dxl:StatsBucket Frequency="0.250000" DistinctValues="1.000000">
          <dxl:LowerBound Closed="true" TypeMdid="0.23.1.0" Value="3"/>
          <dxl:UpperBound Closed="true" TypeMdid="0.23.1.0" Value="3"/>
        </dxl:StatsBucket>
      </dxl:DerivedColumnStats>
    </dxl:DerivedRelationStats>
  </dxl:Statistics>
</dxl:DXLMessage>
