<?xml version="1.0" encoding="UTF-8"?>
<dxl:DXLMessage xmlns:dxl="http://greenplum.com/dxl/2010/12/">
  <dxl:Statistics>
    <dxl:DerivedRelationStats Rows="4000.000000" EmptyRelation="false">
      <dxl:DerivedColumnStats ColId="1" Width="11.000000" NullFreq="0.000000" NdvRemain="0.000000" FreqRemain="0.000000">
        <dxl:StatsBucket Frequency="0.250000" DistinctValues="8.000000">
          <dxl:LowerBound Closed="true" TypeMdid="0.23.1.0" Value="1"/>
          <dxl:UpperBound Closed="false" TypeMdid="0.23.1.0" Value="10"/>
        </dxl:StatsBucket>
        <dxl:StatsBucket Frequency="0.250000" DistinctValues="8.000000">
          <dxl:LowerBound Closed="true" TypeMdid="0.23.1.0" Value="11"/>
          <dxl:UpperBound Closed="false" TypeMdid="0.23.1.0" Value="20"/>
        </dxl:StatsBucket>
        <dxl:StatsBucket Frequency="0.250000" DistinctValues="8.000000">
          <dxl:LowerBound Closed="true" TypeMdid="0.23.1.0" Value="21"/>
          <dxl:UpperBound Closed="false" TypeMdid="0.23.1.0" Value="30"/>
        </dxl:StatsBucket>
        <dxl:StatsBucket Frequency="0.250000" DistinctValues="8.000000">
          <dxl:LowerBound Closed="true" TypeMdid="0.23.1.0" Value="31"/>
          <dxl:UpperBound Closed="false" TypeMdid="0.23.1.0" Value="40"/>
        </dxl:StatsBucket>
      </dxl:DerivedColumnStats>
    </dxl:DerivedRelationStats>
  </dxl:Statistics>
</dxl:DXLMessage>
