<?xml version="1.0" encoding="UTF-8"?>
<dxl:DXLMessage xmlns:dxl="http://greenplum.com/dxl/2010/12/">
  <dxl:Query>
    <dxl:OutputColumns>
      <dxl:Ident ColId="3" ColName="array" TypeMdid="0.1007.1.0"/>
      <dxl:Ident ColId="4" ColName="array" TypeMdid="0.1007.1.0"/>
    </dxl:OutputColumns>
    <dxl:CTEList/>
    <dxl:LogicalProject>
      <dxl:ProjList>
        <dxl:ProjElem ColId="3" Alias="array">
          <dxl:Array ArrayType="0.1007.1.0" ElementType="0.23.1.0" MultiDimensional="false">
            <dxl:Ident ColId="1" ColName="a" TypeMdid="0.23.1.0"/>
            <dxl:Ident ColId="2" ColName="b" TypeMdid="0.23.1.0"/>
          </dxl:Array>
        </dxl:ProjElem>
        <dxl:ProjElem ColId="4" Alias="array">
          <dxl:Array ArrayType="0.1007.1.0" ElementType="0.23.1.0" MultiDimensional="true">
            <dxl:Array ArrayType="0.1007.1.0" ElementType="0.23.1.0" MultiDimensional="false">
              <dxl:Ident ColId="1" ColName="a" TypeMdid="0.23.1.0"/>
            </dxl:Array>
            <dxl:Array ArrayType="0.1007.1.0" ElementType="0.23.1.0" MultiDimensional="false">
              <dxl:Ident ColId="2" ColName="b" TypeMdid="0.23.1.0"/>
            </dxl:Array>
          </dxl:Array>
        </dxl:ProjElem>
      </dxl:ProjList>
      <dxl:LogicalGet>
        <dxl:TableDescriptor Mdid="0.1607326.1.1" TableName="r">
          <dxl:Columns>
            <dxl:Column ColId="1" Attno="1" ColName="a" TypeMdid="0.23.1.0"/>
            <dxl:Column ColId="2" Attno="2" ColName="b" TypeMdid="0.23.1.0"/>
          </dxl:Columns>
        </dxl:TableDescriptor>
      </dxl:LogicalGet>
    </dxl:LogicalProject>
  </dxl:Query>
</dxl:DXLMessage>
