<?xml version="1.0" encoding="UTF-8"?>
<dxl:DXLMessage xmlns:dxl="http://greenplum.com/dxl/2010/12/">
  <dxl:Plan>
    <dxl:GatherMotion InputSegments="0,1" OutputSegments="-1">
      <dxl:Properties>
        <dxl:Cost StartupCost="10" TotalCost="100" Rows="1000" Width="12"/>
      </dxl:Properties>
      <dxl:ProjList>
        <dxl:ProjElem ColId="2" Alias="array">
          <dxl:Ident ColId="2" ColName="array" TypeMdid="0.1007.1.0"/>
        </dxl:ProjElem>
        <dxl:ProjElem ColId="3" Alias="array">
          <dxl:Ident ColId="3" ColName="array" TypeMdid="0.1007.1.0"/>
        </dxl:ProjElem>
      </dxl:ProjList>
      <dxl:Filter/>
      <dxl:SortingColumnList/>
      <dxl:Result>
        <dxl:Properties>
          <dxl:Cost StartupCost="10" TotalCost="100" Rows="1000" Width="12"/>
        </dxl:Properties>
        <dxl:ProjList>
          <dxl:ProjElem ColId="2" Alias="array">
            <dxl:Array ArrayType="0.1007.1.0" ElementType="0.23.1.0" MultiDimensional="false">
              <dxl:Ident ColId="0" ColName="r.a" TypeMdid="0.23.1.0"/>
              <dxl:Ident ColId="1" ColName="r.b" TypeMdid="0.23.1.0"/>
            </dxl:Array>
          </dxl:ProjElem>
          <dxl:ProjElem ColId="3" Alias="array">
            <dxl:Array ArrayType="0.1007.1.0" ElementType="0.23.1.0" MultiDimensional="true">
              <dxl:Array ArrayType="0.1007.1.0" ElementType="0.23.1.0" MultiDimensional="false">
                <dxl:Ident ColId="0" ColName="r.a" TypeMdid="0.23.1.0"/>
              </dxl:Array>
              <dxl:Array ArrayType="0.1007.1.0" ElementType="0.23.1.0" MultiDimensional="false">
                <dxl:Ident ColId="1" ColName="r.b" TypeMdid="0.23.1.0"/>
              </dxl:Array>
            </dxl:Array>
          </dxl:ProjElem>
        </dxl:ProjList>
        <dxl:Filter/>
        <dxl:OneTimeFilter/>
        <dxl:TableScan>
          <dxl:Properties>
            <dxl:Cost StartupCost="10" TotalCost="100" Rows="12" Width="12"/>
          </dxl:Properties>
          <dxl:ProjList>
            <dxl:ProjElem ColId="0" Alias="r.a">
              <dxl:Ident ColId="0" ColName="r.a" TypeMdid="0.23.1.0"/>
            </dxl:ProjElem>
            <dxl:ProjElem ColId="1" Alias="r.b">
              <dxl:Ident ColId="1" ColName="r.b" TypeMdid="0.23.1.0"/>
            </dxl:ProjElem>
          </dxl:ProjList>
          <dxl:Filter/>
          <dxl:TableDescriptor Mdid="0.1607326.1.1" TableName="r">
            <dxl:Columns>
              <dxl:Column ColId="0" Attno="1" ColName="a" TypeMdid="0.23.1.0"/>
              <dxl:Column ColId="1" Attno="2" ColName="b" TypeMdid="0.23.1.0"/>
            </dxl:Columns>
          </dxl:TableDescriptor>
        </dxl:TableScan>
      </dxl:Result>
    </dxl:GatherMotion>
  </dxl:Plan>
</dxl:DXLMessage>
