<?xml version="1.0" encoding="UTF-8"?>
<dxl:DXLMessage xmlns:dxl="http://greenplum.com/dxl/2010/12/">
  <dxl:Plan>
    <dxl:GatherMotion InputSegments="0,1" OutputSegments="-1">
      <dxl:Properties>
        <dxl:Cost StartupCost="10" TotalCost="100" Rows="144" Width="12"/>
      </dxl:Properties>
      <dxl:ProjList>
        <dxl:ProjElem ColId="167" Alias="t.t1">
          <dxl:Ident ColId="167" ColName="t.t1" TypeMdid="0.23.1.0"/>
        </dxl:ProjElem>
        <dxl:ProjElem ColId="168" Alias="t.t2">
          <dxl:Ident ColId="168" ColName="t.t2" TypeMdid="0.23.1.0"/>
        </dxl:ProjElem>
        <dxl:ProjElem ColId="169" Alias="t.t3">
          <dxl:Ident ColId="169" ColName="t.t3" TypeMdid="0.23.1.0"/>
        </dxl:ProjElem>
        <dxl:ProjElem ColId="177" Alias="s.s1">
          <dxl:Ident ColId="177" ColName="s.s1" TypeMdid="0.23.1.0"/>
        </dxl:ProjElem>
        <dxl:ProjElem ColId="178" Alias="s.s2">
          <dxl:Ident ColId="178" ColName="s.s2" TypeMdid="0.23.1.0"/>
        </dxl:ProjElem>
        <dxl:ProjElem ColId="179" Alias="s.s3">
          <dxl:Ident ColId="179" ColName="s.s3" TypeMdid="0.23.1.0"/>
        </dxl:ProjElem>
      </dxl:ProjList>
      <dxl:Filter/>
      <dxl:SortingColumnList/>
      <dxl:NestedLoopJoin JoinType="Inner">
        <dxl:Properties>
          <dxl:Cost StartupCost="10" TotalCost="100" Rows="144" Width="12"/>
        </dxl:Properties>
        <dxl:ProjList>
          <dxl:ProjElem ColId="167" Alias="t.t1">
            <dxl:Ident ColId="167" ColName="t.t1" TypeMdid="0.23.1.0"/>
          </dxl:ProjElem>
          <dxl:ProjElem ColId="168" Alias="t.t2">
            <dxl:Ident ColId="168" ColName="t.t2" TypeMdid="0.23.1.0"/>
          </dxl:ProjElem>
          <dxl:ProjElem ColId="169" Alias="t.t3">
            <dxl:Ident ColId="169" ColName="t.t3" TypeMdid="0.23.1.0"/>
          </dxl:ProjElem>
          <dxl:ProjElem ColId="177" Alias="s.s1">
            <dxl:Ident ColId="177" ColName="s.s1" TypeMdid="0.23.1.0"/>
          </dxl:ProjElem>
          <dxl:ProjElem ColId="178" Alias="s.s2">
            <dxl:Ident ColId="178" ColName="s.s2" TypeMdid="0.23.1.0"/>
          </dxl:ProjElem>
          <dxl:ProjElem ColId="179" Alias="s.s3">
            <dxl:Ident ColId="179" ColName="s.s3" TypeMdid="0.23.1.0"/>
          </dxl:ProjElem>
        </dxl:ProjList>
        <dxl:Filter/>
        <dxl:JoinFilter>
          <dxl:Comparison ComparisonOperator="&lt;" OperatorMdid="0.97.1.0">
            <dxl:Ident ColId="167" ColName="t.t1" TypeMdid="0.23.1.0"/>
            <dxl:Ident ColId="177" ColName="s.s1" TypeMdid="0.23.1.0"/>
          </dxl:Comparison>
        </dxl:JoinFilter>
        <dxl:TableScan>
          <dxl:Properties>
            <dxl:Cost StartupCost="10" TotalCost="100" Rows="12" Width="12"/>
          </dxl:Properties>
          <dxl:ProjList>
            <dxl:ProjElem ColId="177" Alias="s.s1">
              <dxl:Ident ColId="177" ColName="s.s1" TypeMdid="0.23.1.0"/>
            </dxl:ProjElem>
            <dxl:ProjElem ColId="178" Alias="s.s2">
              <dxl:Ident ColId="178" ColName="s.s2" TypeMdid="0.23.1.0"/>
            </dxl:ProjElem>
            <dxl:ProjElem ColId="179" Alias="s.s3">
              <dxl:Ident ColId="179" ColName="s.s3" TypeMdid="0.23.1.0"/>
            </dxl:ProjElem>
          </dxl:ProjList>
          <dxl:Filter/>
          <dxl:TableDescriptor Mdid="0.899663.1.1" TableName="s">
            <dxl:Columns>
              <dxl:Column ColId="177" Attno="1" ColName="s1" TypeMdid="0.23.1.0"/>
              <dxl:Column ColId="178" Attno="2" ColName="s2" TypeMdid="0.23.1.0"/>
              <dxl:Column ColId="179" Attno="3" ColName="s3" TypeMdid="0.23.1.0"/>
              <dxl:Column ColId="180" Attno="-1" ColName="ctid" TypeMdid="0.27.1.0"/>
              <dxl:Column ColId="181" Attno="-3" ColName="xmin" TypeMdid="0.28.1.0"/>
              <dxl:Column ColId="182" Attno="-4" ColName="cmin" TypeMdid="0.29.1.0"/>
              <dxl:Column ColId="183" Attno="-5" ColName="xmax" TypeMdid="0.28.1.0"/>
              <dxl:Column ColId="184" Attno="-6" ColName="cmax" TypeMdid="0.29.1.0"/>
              <dxl:Column ColId="185" Attno="-7" ColName="tableoid" TypeMdid="0.26.1.0"/>
              <dxl:Column ColId="186" Attno="-8" ColName="gp_segment_id" TypeMdid="0.23.1.0"/>
            </dxl:Columns>
          </dxl:TableDescriptor>
        </dxl:TableScan>
        <dxl:Materialize Eager="false">
          <dxl:Properties>
            <dxl:Cost StartupCost="10" TotalCost="100" Rows="12" Width="12"/>
          </dxl:Properties>
          <dxl:ProjList>
            <dxl:ProjElem ColId="167" Alias="t.t1">
              <dxl:Ident ColId="167" ColName="t.t1" TypeMdid="0.23.1.0"/>
            </dxl:ProjElem>
            <dxl:ProjElem ColId="168" Alias="t.t2">
              <dxl:Ident ColId="168" ColName="t.t2" TypeMdid="0.23.1.0"/>
            </dxl:ProjElem>
            <dxl:ProjElem ColId="169" Alias="t.t3">
              <dxl:Ident ColId="169" ColName="t.t3" TypeMdid="0.23.1.0"/>
            </dxl:ProjElem>
          </dxl:ProjList>
          <dxl:Filter/>
          <dxl:BroadcastMotion InputSegments="0,1" OutputSegments="0,1">
            <dxl:Properties>
              <dxl:Cost StartupCost="10" TotalCost="100" Rows="12" Width="12"/>
            </dxl:Properties>
            <dxl:ProjList>
              <dxl:ProjElem ColId="167" Alias="t.t1">
                <dxl:Ident ColId="167" ColName="t.t1" TypeMdid="0.23.1.0"/>
              </dxl:ProjElem>
              <dxl:ProjElem ColId="168" Alias="t.t2">
                <dxl:Ident ColId="168" ColName="t.t2" TypeMdid="0.23.1.0"/>
              </dxl:ProjElem>
              <dxl:ProjElem ColId="169" Alias="t.t3">
                <dxl:Ident ColId="169" ColName="t.t3" TypeMdid="0.23.1.0"/>
              </dxl:ProjElem>
            </dxl:ProjList>
            <dxl:Filter/>
            <dxl:SortingColumnList/>
            <dxl:TableScan>
              <dxl:Properties>
                <dxl:Cost StartupCost="10" TotalCost="100" Rows="12" Width="12"/>
              </dxl:Properties>
              <dxl:ProjList>
                <dxl:ProjElem ColId="167" Alias="t.t1">
                  <dxl:Ident ColId="167" ColName="t.t1" TypeMdid="0.23.1.0"/>
                </dxl:ProjElem>
                <dxl:ProjElem ColId="168" Alias="t.t2">
                  <dxl:Ident ColId="168" ColName="t.t2" TypeMdid="0.23.1.0"/>
                </dxl:ProjElem>
                <dxl:ProjElem ColId="169" Alias="t.t3">
                  <dxl:Ident ColId="169" ColName="t.t3" TypeMdid="0.23.1.0"/>
                </dxl:ProjElem>
              </dxl:ProjList>
              <dxl:Filter/>
              <dxl:TableDescriptor Mdid="0.899686.1.1" TableName="t">
                <dxl:Columns>
                  <dxl:Column ColId="167" Attno="1" ColName="t1" TypeMdid="0.23.1.0"/>
                  <dxl:Column ColId="168" Attno="2" ColName="t2" TypeMdid="0.23.1.0"/>
                  <dxl:Column ColId="169" Attno="3" ColName="t3" TypeMdid="0.23.1.0"/>
                  <dxl:Column ColId="170" Attno="-1" ColName="ctid" TypeMdid="0.27.1.0"/>
                  <dxl:Column ColId="171" Attno="-3" ColName="xmin" TypeMdid="0.28.1.0"/>
                  <dxl:Column ColId="172" Attno="-4" ColName="cmin" TypeMdid="0.29.1.0"/>
                  <dxl:Column ColId="173" Attno="-5" ColName="xmax" TypeMdid="0.28.1.0"/>
                  <dxl:Column ColId="174" Attno="-6" ColName="cmax" TypeMdid="0.29.1.0"/>
                  <dxl:Column ColId="175" Attno="-7" ColName="tableoid" TypeMdid="0.26.1.0"/>
                  <dxl:Column ColId="176" Attno="-8" ColName="gp_segment_id" TypeMdid="0.23.1.0"/>
                </dxl:Columns>
              </dxl:TableDescriptor>
            </dxl:TableScan>
          </dxl:BroadcastMotion>
        </dxl:Materialize>
      </dxl:NestedLoopJoin>
    </dxl:GatherMotion>
  </dxl:Plan>
</dxl:DXLMessage>
