<?xml version="1.0" encoding="UTF-8"?>
<dxl:DXLMessage xmlns:dxl="http://greenplum.com/dxl/2010/12/">
  <dxl:Plan>
    <dxl:GatherMotion InputSegments="0,1" OutputSegments="-1">
      <dxl:Properties>
        <dxl:Cost StartupCost="10" TotalCost="100" Rows="8" Width="8"/>
      </dxl:Properties>
      <dxl:ProjList>
        <dxl:ProjElem ColId="706" Alias="coalesce">
          <dxl:Ident ColId="706" ColName="coalesce" TypeMdid="0.23.1.0"/>
        </dxl:ProjElem>
      </dxl:ProjList>
      <dxl:Filter/>
      <dxl:SortingColumnList/>
      <dxl:Result>
        <dxl:Properties>
          <dxl:Cost StartupCost="10" TotalCost="100" Rows="8" Width="8"/>
        </dxl:Properties>
        <dxl:ProjList>
          <dxl:ProjElem ColId="706" Alias="coalesce">
            <dxl:Coalesce TypeMdid="0.23.1.0">
              <dxl:Ident ColId="696" ColName="t.t1" TypeMdid="0.23.1.0"/>
              <dxl:Ident ColId="697" ColName="t.t2" TypeMdid="0.23.1.0"/>
              <dxl:ConstValue TypeMdid="0.23.1.0" Value="10"/>
            </dxl:Coalesce>
          </dxl:ProjElem>
        </dxl:ProjList>
        <dxl:Filter/>
        <dxl:OneTimeFilter/>
        <dxl:TableScan>
          <dxl:Properties>
            <dxl:Cost StartupCost="10" TotalCost="100" Rows="8" Width="16"/>
          </dxl:Properties>
          <dxl:ProjList>
            <dxl:ProjElem ColId="696" Alias="t.t1">
              <dxl:Ident ColId="696" ColName="t.t1" TypeMdid="0.23.1.0"/>
            </dxl:ProjElem>
            <dxl:ProjElem ColId="697" Alias="t.t2">
              <dxl:Ident ColId="697" ColName="t.t2" TypeMdid="0.23.1.0"/>
            </dxl:ProjElem>
          </dxl:ProjList>
          <dxl:Filter/>
          <dxl:TableDescriptor Mdid="0.899686.1.1" TableName="t">
            <dxl:Columns>
              <dxl:Column ColId="696" Attno="1" ColName="t1" TypeMdid="0.23.1.0"/>
              <dxl:Column ColId="697" Attno="2" ColName="t2" TypeMdid="0.23.1.0"/>
              <dxl:Column ColId="698" Attno="3" ColName="t3" TypeMdid="0.23.1.0"/>
              <dxl:Column ColId="699" Attno="-1" ColName="ctid" TypeMdid="0.27.1.0"/>
              <dxl:Column ColId="700" Attno="-3" ColName="xmin" TypeMdid="0.28.1.0"/>
              <dxl:Column ColId="701" Attno="-4" ColName="cmin" TypeMdid="0.29.1.0"/>
              <dxl:Column ColId="702" Attno="-5" ColName="xmax" TypeMdid="0.28.1.0"/>
              <dxl:Column ColId="703" Attno="-6" ColName="cmax" TypeMdid="0.29.1.0"/>
              <dxl:Column ColId="704" Attno="-7" ColName="tableoid" TypeMdid="0.26.1.0"/>
              <dxl:Column ColId="705" Attno="-8" ColName="gp_segment_id" TypeMdid="0.23.1.0"/>
            </dxl:Columns>
          </dxl:TableDescriptor>
        </dxl:TableScan>
      </dxl:Result>
    </dxl:GatherMotion>
  </dxl:Plan>
</dxl:DXLMessage>
