<?xml version="1.0" encoding="UTF-8"?>
<dxl:DXLMessage xmlns:dxl="http://greenplum.com/dxl/2010/12/">
  <dxl:Plan>
    <dxl:GatherMotion InputSegments="0,1" OutputSegments="-1">
      <dxl:Properties>
        <dxl:Cost StartupCost="10" TotalCost="100" Rows="1000" Width="12"/>
      </dxl:Properties>
      <dxl:ProjList>
        <dxl:ProjElem ColId="0" Alias="t.t1">
          <dxl:Ident ColId="0" ColName="t.t1" TypeMdid="0.23.1.0"/>
        </dxl:ProjElem>
        <dxl:ProjElem ColId="1" Alias="t.t2">
          <dxl:Ident ColId="1" ColName="t.t2" TypeMdid="0.23.1.0"/>
        </dxl:ProjElem>
        <dxl:ProjElem ColId="2" Alias="t.t3">
          <dxl:Ident ColId="2" ColName="t.t3" TypeMdid="0.23.1.0"/>
        </dxl:ProjElem>
      </dxl:ProjList>
      <dxl:Filter/>
      <dxl:SortingColumnList/>
      <dxl:TableScan>
        <dxl:Properties>
          <dxl:Cost StartupCost="10" TotalCost="100" Rows="12" Width="12"/>
        </dxl:Properties>
        <dxl:ProjList>
          <dxl:ProjElem ColId="0" Alias="t.t1">
            <dxl:Ident ColId="0" ColName="t.t1" TypeMdid="0.23.1.0"/>
          </dxl:ProjElem>
          <dxl:ProjElem ColId="1" Alias="t.t2">
            <dxl:Ident ColId="1" ColName="t.t2" TypeMdid="0.23.1.0"/>
          </dxl:ProjElem>
          <dxl:ProjElem ColId="2" Alias="t.t3">
            <dxl:Ident ColId="2" ColName="t.t3" TypeMdid="0.23.1.0"/>
          </dxl:ProjElem>
        </dxl:ProjList>
        <dxl:Filter>
          <dxl:Comparison ComparisonOperator="&gt;" OperatorMdid="0.521.1.0" OperatorFuncMdid="0.147.1.0">
            <dxl:Ident ColId="0" ColName="t.t1" TypeMdid="0.23.1.0"/>
            <dxl:SubPlan TypeMdid="0.23.1.0">
              <dxl:ParamList>
                <dxl:Param ColId="1" ColName="t.t2" TypeMdid="0.23.1.0"/>
              </dxl:ParamList>
              <dxl:Aggregate AggregationStrategy="Plain">
                <dxl:Properties>
                  <dxl:Cost StartupCost="10" TotalCost="100" Rows="1" Width="12"/>
                </dxl:Properties>
                <dxl:GroupingColumns/>
                <dxl:ProjList>
                  <dxl:ProjElem ColId="6" Alias="min">
                    <dxl:AggFunc AggMdid="0.2132.1.0" AggDistinct="false" AggStage="Normal">
                      <dxl:Ident ColId="3" ColName="r.r1" TypeMdid="0.23.1.0"/>
                    </dxl:AggFunc>
                  </dxl:ProjElem>
                </dxl:ProjList>
                <dxl:Filter/>
                <dxl:Result>
                  <dxl:Properties>
                    <dxl:Cost StartupCost="10" TotalCost="100" Rows="12" Width="12"/>
                  </dxl:Properties>
                  <dxl:ProjList>
                    <dxl:ProjElem ColId="3" Alias="r.r1">
                      <dxl:Ident ColId="3" ColName="r.r1" TypeMdid="0.23.1.0"/>
                    </dxl:ProjElem>
                  </dxl:ProjList>
                  <dxl:Filter>
                    <dxl:Comparison ComparisonOperator="&lt;" OperatorMdid="0.97.1.0" OperatorFuncMdid="0.66.1.0">
                      <dxl:Ident ColId="4" ColName="r.r2" TypeMdid="0.23.1.0"/>
                      <dxl:Ident ColId="1" ColName="t.t2" TypeMdid="0.23.1.0"/>
                    </dxl:Comparison>
                  </dxl:Filter>
                  <dxl:OneTimeFilter/>
                  <dxl:Materialize Eager="false">
                    <dxl:Properties>
                      <dxl:Cost StartupCost="10" TotalCost="100" Rows="12" Width="12"/>
                    </dxl:Properties>
                    <dxl:ProjList>
                      <dxl:ProjElem ColId="3" Alias="r.r1">
                        <dxl:Ident ColId="3" ColName="r.r1" TypeMdid="0.23.1.0"/>
                      </dxl:ProjElem>
                      <dxl:ProjElem ColId="4" Alias="r.r2">
                        <dxl:Ident ColId="4" ColName="r.r2" TypeMdid="0.23.1.0"/>
                      </dxl:ProjElem>
                    </dxl:ProjList>
                    <dxl:Filter/>
                    <dxl:BroadcastMotion InputSegments="0,1" OutputSegments="0,1">
                      <dxl:Properties>
                        <dxl:Cost StartupCost="10" TotalCost="100" Rows="12" Width="12"/>
                      </dxl:Properties>
                      <dxl:ProjList>
                        <dxl:ProjElem ColId="3" Alias="r.r1">
                          <dxl:Ident ColId="3" ColName="r.r1" TypeMdid="0.23.1.0"/>
                        </dxl:ProjElem>
                        <dxl:ProjElem ColId="4" Alias="r.r2">
                          <dxl:Ident ColId="4" ColName="r.r2" TypeMdid="0.23.1.0"/>
                        </dxl:ProjElem>
                      </dxl:ProjList>
                      <dxl:Filter/>
                      <dxl:SortingColumnList/>
                      <dxl:TableScan>
                        <dxl:Properties>
                          <dxl:Cost StartupCost="10" TotalCost="100" Rows="12" Width="12"/>
                        </dxl:Properties>
                        <dxl:ProjList>
                          <dxl:ProjElem ColId="3" Alias="r.r1">
                            <dxl:Ident ColId="3" ColName="r.r1" TypeMdid="0.23.1.0"/>
                          </dxl:ProjElem>
                          <dxl:ProjElem ColId="4" Alias="r.r2">
                            <dxl:Ident ColId="4" ColName="r.r2" TypeMdid="0.23.1.0"/>
                          </dxl:ProjElem>
                        </dxl:ProjList>
                        <dxl:Filter/>
                        <dxl:TableDescriptor Mdid="0.899640.1.1" TableName="r">
                          <dxl:Columns>
                            <dxl:Column ColId="3" Attno="1" ColName="r1" TypeMdid="0.23.1.0"/>
                            <dxl:Column ColId="4" Attno="2" ColName="r2" TypeMdid="0.23.1.0"/>
                            <dxl:Column ColId="5" Attno="3" ColName="r3" TypeMdid="0.23.1.0"/>
                          </dxl:Columns>
                        </dxl:TableDescriptor>
                      </dxl:TableScan>
                    </dxl:BroadcastMotion>
                  </dxl:Materialize>
                </dxl:Result>
              </dxl:Aggregate>
            </dxl:SubPlan>
          </dxl:Comparison>
        </dxl:Filter>
        <dxl:TableDescriptor Mdid="0.899686.1.1" TableName="t">
          <dxl:Columns>
            <dxl:Column ColId="0" Attno="1" ColName="t1" TypeMdid="0.23.1.0"/>
            <dxl:Column ColId="1" Attno="2" ColName="t2" TypeMdid="0.23.1.0"/>
            <dxl:Column ColId="2" Attno="3" ColName="t3" TypeMdid="0.23.1.0"/>
          </dxl:Columns>
        </dxl:TableDescriptor>
      </dxl:TableScan>
    </dxl:GatherMotion>
  </dxl:Plan>
</dxl:DXLMessage>
