<?xml version="1.0" encoding="UTF-8"?>
<dxl:DXLMessage xmlns:dxl="http://greenplum.com/dxl/2010/12/">
  <dxl:Plan>
    <dxl:GatherMotion InputSegments="0,1" OutputSegments="-1">
      <dxl:Properties>
        <dxl:Cost StartupCost="10" TotalCost="100" Rows="1000" Width="24"/>
      </dxl:Properties>
      <dxl:ProjList>
        <dxl:ProjElem ColId="387" Alias="t.t1">
          <dxl:Ident ColId="387" ColName="t.t1" TypeMdid="0.23.1.0"/>
        </dxl:ProjElem>
        <dxl:ProjElem ColId="388" Alias="t.t2">
          <dxl:Ident ColId="388" ColName="t.t2" TypeMdid="0.23.1.0"/>
        </dxl:ProjElem>
        <dxl:ProjElem ColId="389" Alias="t.t3">
          <dxl:Ident ColId="389" ColName="t.t3" TypeMdid="0.23.1.0"/>
        </dxl:ProjElem>
      </dxl:ProjList>
      <dxl:Filter/>
      <dxl:SortingColumnList/>
      <dxl:Result>
        <dxl:Properties>
          <dxl:Cost StartupCost="10" TotalCost="100" Rows="1000" Width="24"/>
        </dxl:Properties>
        <dxl:ProjList>
          <dxl:ProjElem ColId="387" Alias="t.t1">
            <dxl:Ident ColId="387" ColName="t.t1" TypeMdid="0.23.1.0"/>
          </dxl:ProjElem>
          <dxl:ProjElem ColId="388" Alias="t.t2">
            <dxl:Ident ColId="388" ColName="t.t2" TypeMdid="0.23.1.0"/>
          </dxl:ProjElem>
          <dxl:ProjElem ColId="389" Alias="t.t3">
            <dxl:Ident ColId="389" ColName="t.t3" TypeMdid="0.23.1.0"/>
          </dxl:ProjElem>
        </dxl:ProjList>
        <dxl:Filter>
          <dxl:IsNull>
            <dxl:Ident ColId="407" ColName="max" TypeMdid="0.23.1.0"/>
          </dxl:IsNull>
        </dxl:Filter>
        <dxl:OneTimeFilter/>
        <dxl:TableScan>
          <dxl:Properties>
            <dxl:Cost StartupCost="10" TotalCost="100" Rows="8" Width="24"/>
          </dxl:Properties>
          <dxl:ProjList>
            <dxl:ProjElem ColId="387" Alias="t.t1">
              <dxl:Ident ColId="387" ColName="t.t1" TypeMdid="0.23.1.0"/>
            </dxl:ProjElem>
            <dxl:ProjElem ColId="388" Alias="t.t2">
              <dxl:Ident ColId="388" ColName="t.t2" TypeMdid="0.23.1.0"/>
            </dxl:ProjElem>
            <dxl:ProjElem ColId="389" Alias="t.t3">
              <dxl:Ident ColId="389" ColName="t.t3" TypeMdid="0.23.1.0"/>
            </dxl:ProjElem>
          </dxl:ProjList>
          <dxl:Filter>
            <dxl:SubPlan TypeMdid="0.16.1.0">
              <dxl:ParamList>
                <dxl:Param ColId="388" ColName="t.t2" TypeMdid="0.23.1.0"/>
              </dxl:ParamList>
              <dxl:Aggregate AggregationStrategy="Plain">
                <dxl:Properties>
                  <dxl:Cost StartupCost="10" TotalCost="100" Rows="1" Width="8"/>
                </dxl:Properties>
                <dxl:GroupingColumns/>
                <dxl:ProjList>
                  <dxl:ProjElem ColId="408" Alias="ColRef_0408">
                    <dxl:ConstValue TypeMdid="0.16.1.0" Value="true"/>
                  </dxl:ProjElem>
                </dxl:ProjList>
                <dxl:Filter/>
                <dxl:Result>
                  <dxl:Properties>
                    <dxl:Cost StartupCost="10" TotalCost="100" Rows="1" Width="8"/>
                  </dxl:Properties>
                  <dxl:ProjList>
                    <dxl:ProjElem ColId="397" Alias="s.s1">
                      <dxl:Ident ColId="397" ColName="s.s1" TypeMdid="0.23.1.0"/>
                    </dxl:ProjElem>
                  </dxl:ProjList>
                  <dxl:Filter>
                    <dxl:Comparison ComparisonOperator="&lt;&gt;" OperatorMdid="0.518.1.0">
                      <dxl:Ident ColId="398" ColName="s.s2" TypeMdid="0.23.1.0"/>
                      <dxl:Ident ColId="388" ColName="t.t2" TypeMdid="0.23.1.0"/>
                    </dxl:Comparison>
                  </dxl:Filter>
                  <dxl:OneTimeFilter/>
                  <dxl:Materialize Eager="false">
                    <dxl:Properties>
                      <dxl:Cost StartupCost="10" TotalCost="100" Rows="8" Width="16"/>
                    </dxl:Properties>
                    <dxl:ProjList>
                      <dxl:ProjElem ColId="397" Alias="s.s1">
                        <dxl:Ident ColId="397" ColName="s.s1" TypeMdid="0.23.1.0"/>
                      </dxl:ProjElem>
                      <dxl:ProjElem ColId="398" Alias="s.s2">
                        <dxl:Ident ColId="398" ColName="s.s2" TypeMdid="0.23.1.0"/>
                      </dxl:ProjElem>
                    </dxl:ProjList>
                    <dxl:Filter/>
                    <dxl:BroadcastMotion InputSegments="0,1" OutputSegments="0,1">
                      <dxl:Properties>
                        <dxl:Cost StartupCost="10" TotalCost="100" Rows="8" Width="16"/>
                      </dxl:Properties>
                      <dxl:ProjList>
                        <dxl:ProjElem ColId="397" Alias="s.s1">
                          <dxl:Ident ColId="397" ColName="s.s1" TypeMdid="0.23.1.0"/>
                        </dxl:ProjElem>
                        <dxl:ProjElem ColId="398" Alias="s.s2">
                          <dxl:Ident ColId="398" ColName="s.s2" TypeMdid="0.23.1.0"/>
                        </dxl:ProjElem>
                      </dxl:ProjList>
                      <dxl:Filter/>
                      <dxl:SortingColumnList/>
                      <dxl:TableScan>
                        <dxl:Properties>
                          <dxl:Cost StartupCost="10" TotalCost="100" Rows="8" Width="16"/>
                        </dxl:Properties>
                        <dxl:ProjList>
                          <dxl:ProjElem ColId="397" Alias="s.s1">
                            <dxl:Ident ColId="397" ColName="s.s1" TypeMdid="0.23.1.0"/>
                          </dxl:ProjElem>
                          <dxl:ProjElem ColId="398" Alias="s.s2">
                            <dxl:Ident ColId="398" ColName="s.s2" TypeMdid="0.23.1.0"/>
                          </dxl:ProjElem>
                        </dxl:ProjList>
                        <dxl:Filter/>
                        <dxl:TableDescriptor Mdid="0.899663.1.1" TableName="s">
                          <dxl:Columns>
                            <dxl:Column ColId="397" Attno="1" ColName="s1" TypeMdid="0.23.1.0"/>
                            <dxl:Column ColId="398" Attno="2" ColName="s2" TypeMdid="0.23.1.0"/>
                            <dxl:Column ColId="399" Attno="3" ColName="s3" TypeMdid="0.23.1.0"/>
                            <dxl:Column ColId="400" Attno="-1" ColName="ctid" TypeMdid="0.27.1.0"/>
                            <dxl:Column ColId="401" Attno="-3" ColName="xmin" TypeMdid="0.28.1.0"/>
                            <dxl:Column ColId="402" Attno="-4" ColName="cmin" TypeMdid="0.29.1.0"/>
                            <dxl:Column ColId="403" Attno="-5" ColName="xmax" TypeMdid="0.28.1.0"/>
                            <dxl:Column ColId="404" Attno="-6" ColName="cmax" TypeMdid="0.29.1.0"/>
                            <dxl:Column ColId="405" Attno="-7" ColName="tableoid" TypeMdid="0.26.1.0"/>
                            <dxl:Column ColId="406" Attno="-8" ColName="gp_segment_id" TypeMdid="0.23.1.0"/>
                          </dxl:Columns>
                        </dxl:TableDescriptor>
                      </dxl:TableScan>
                    </dxl:BroadcastMotion>
                  </dxl:Materialize>
                </dxl:Result>
              </dxl:Aggregate>
            </dxl:SubPlan>
          </dxl:Filter>
          <dxl:TableDescriptor Mdid="0.899686.1.1" TableName="t">
            <dxl:Columns>
              <dxl:Column ColId="387" Attno="1" ColName="t1" TypeMdid="0.23.1.0"/>
              <dxl:Column ColId="388" Attno="2" ColName="t2" TypeMdid="0.23.1.0"/>
              <dxl:Column ColId="389" Attno="3" ColName="t3" TypeMdid="0.23.1.0"/>
              <dxl:Column ColId="390" Attno="-1" ColName="ctid" TypeMdid="0.27.1.0"/>
              <dxl:Column ColId="391" Attno="-3" ColName="xmin" TypeMdid="0.28.1.0"/>
              <dxl:Column ColId="392" Attno="-4" ColName="cmin" TypeMdid="0.29.1.0"/>
              <dxl:Column ColId="393" Attno="-5" ColName="xmax" TypeMdid="0.28.1.0"/>
              <dxl:Column ColId="394" Attno="-6" ColName="cmax" TypeMdid="0.29.1.0"/>
              <dxl:Column ColId="395" Attno="-7" ColName="tableoid" TypeMdid="0.26.1.0"/>
              <dxl:Column ColId="396" Attno="-8" ColName="gp_segment_id" TypeMdid="0.23.1.0"/>
            </dxl:Columns>
          </dxl:TableDescriptor>
        </dxl:TableScan>
      </dxl:Result>
    </dxl:GatherMotion>
  </dxl:Plan>
</dxl:DXLMessage>
