<?xml version="1.0" encoding="UTF-8"?>
<dxl:DXLMessage xmlns:dxl="http://greenplum.com/dxl/2010/12/">
  <dxl:Query>
    <dxl:OutputColumns>
      <dxl:Ident ColId="1" ColName="a" TypeMdid="0.23.1.0"/>
    </dxl:OutputColumns>
    <dxl:CTEList/>
    <dxl:LogicalSelect>
      <dxl:ArrayComp OperatorName="=" OperatorMdid="0.96.1.0" OperatorType="Any">
        <dxl:Ident ColId="1" ColName="a" TypeMdid="0.23.1.0"/>
        <dxl:Array ArrayType="0.1007.1.0" ElementType="0.23.1.0" MultiDimensional="false">
          <dxl:ConstValue TypeMdid="0.23.1.0" Value="5"/>
          <dxl:ConstValue TypeMdid="0.23.1.0" Value="6"/>
          <dxl:ConstValue TypeMdid="0.23.1.0" Value="7"/>
        </dxl:Array>
      </dxl:ArrayComp>
      <dxl:LogicalGet>
        <dxl:TableDescriptor Mdid="0.1607030.1.1" TableName="r">
          <dxl:Columns>
            <dxl:Column ColId="1" Attno="1" ColName="a" TypeMdid="0.23.1.0"/>
            <dxl:Column ColId="2" Attno="2" ColName="b" TypeMdid="0.25.1.0"/>
          </dxl:Columns>
        </dxl:TableDescriptor>
      </dxl:LogicalGet>
    </dxl:LogicalSelect>
  </dxl:Query>
</dxl:DXLMessage>
