<?xml version="1.0" encoding="UTF-8"?>
<dxl:DXLMessage xmlns:dxl="http://greenplum.com/dxl/2010/12/">
  <dxl:Plan>
    <dxl:GatherMotion InputSegments="0,1" OutputSegments="-1">
      <dxl:Properties>
        <dxl:Cost StartupCost="10" TotalCost="100" Rows="1000" Width="16"/>
      </dxl:Properties>
      <dxl:ProjList>
        <dxl:ProjElem ColId="0" Alias="a1.user_id">
          <dxl:Ident ColId="0" ColName="a1.user_id" TypeMdid="0.20.1.0"/>
        </dxl:ProjElem>
        <dxl:ProjElem ColId="1" Alias="a1.is_new_user">
          <dxl:Ident ColId="1" ColName="a1.is_new_user" TypeMdid="0.16.1.0"/>
        </dxl:ProjElem>
      </dxl:ProjList>
      <dxl:Filter/>
      <dxl:SortingColumnList/>
      <dxl:Result>
        <dxl:Properties>
          <dxl:Cost StartupCost="10" TotalCost="100" Rows="1000" Width="16"/>
        </dxl:Properties>
        <dxl:ProjList>
          <dxl:ProjElem ColId="0" Alias="a1.user_id">
            <dxl:Ident ColId="0" ColName="a1.user_id" TypeMdid="0.20.1.0"/>
          </dxl:ProjElem>
          <dxl:ProjElem ColId="1" Alias="a1.is_new_user">
            <dxl:Ident ColId="1" ColName="a1.is_new_user" TypeMdid="0.16.1.0"/>
          </dxl:ProjElem>
        </dxl:ProjList>
        <dxl:Filter>
          <dxl:Ident ColId="1" ColName="a1.is_new_user" TypeMdid="0.16.1.0"/>
        </dxl:Filter>
        <dxl:OneTimeFilter/>
        <dxl:Sequence>
          <dxl:Properties>
            <dxl:Cost StartupCost="10" TotalCost="100" Rows="1000" Width="16"/>
          </dxl:Properties>
          <dxl:ProjList>
            <dxl:ProjElem ColId="0" Alias="a1.user_id">
              <dxl:Ident ColId="0" ColName="a1.user_id" TypeMdid="0.20.1.0"/>
            </dxl:ProjElem>
            <dxl:ProjElem ColId="1" Alias="a1.is_new_user">
              <dxl:Ident ColId="1" ColName="a1.is_new_user" TypeMdid="0.16.1.0"/>
            </dxl:ProjElem>
          </dxl:ProjList>
          <dxl:Result>
            <dxl:Properties>
              <dxl:Cost StartupCost="10" TotalCost="100" Rows="100" Width="4"/>
            </dxl:Properties>
            <dxl:ProjList>
              <dxl:ProjElem ColId="9" Alias="gp_partition_propagation">
                <dxl:FuncExpr FuncId="0.396072.1.0" FuncRetSet="false" TypeMdid="0.2278.1.0">
                  <dxl:ConstValue TypeMdid="0.23.1.0" Value="5"/>
                  <dxl:FuncExpr FuncId="0.387972.1.0" FuncRetSet="false">
                    <dxl:ConstValue TypeMdid="0.26.1.0" Value="17614"/>
                    <dxl:ConstValue TypeMdid="0.16.1.0" Value="true"/>
                  </dxl:FuncExpr>
                </dxl:FuncExpr>
              </dxl:ProjElem>
            </dxl:ProjList>
            <dxl:Filter/>
            <dxl:OneTimeFilter/>
          </dxl:Result>
          <dxl:DynamicTableScan PartIndexId="0">
            <dxl:Properties>
              <dxl:Cost StartupCost="10" TotalCost="100" Rows="1000" Width="16"/>
            </dxl:Properties>
            <dxl:ProjList>
              <dxl:ProjElem ColId="0" Alias="a1.user_id">
                <dxl:Ident ColId="0" ColName="a1.user_id" TypeMdid="0.20.1.0"/>
              </dxl:ProjElem>
              <dxl:ProjElem ColId="1" Alias="a1.is_new_user">
                <dxl:Ident ColId="1" ColName="a1.is_new_user" TypeMdid="0.16.1.0"/>
              </dxl:ProjElem>
            </dxl:ProjList>
            <dxl:TableDescriptor Mdid="0.17614.1.1" TableName="a1">
              <dxl:Columns>
                <dxl:Column ColId="0" Attno="1" ColName="user_id" TypeMdid="0.20.1.0"/>
                <dxl:Column ColId="1" Attno="2" ColName="is_new_user" TypeMdid="0.16.1.0"/>
                <dxl:Column ColId="2" Attno="-1" ColName="ctid" TypeMdid="0.27.1.0"/>
                <dxl:Column ColId="3" Attno="-3" ColName="xmin" TypeMdid="0.28.1.0"/>
                <dxl:Column ColId="4" Attno="-4" ColName="cmin" TypeMdid="0.29.1.0"/>
                <dxl:Column ColId="5" Attno="-5" ColName="xmax" TypeMdid="0.28.1.0"/>
                <dxl:Column ColId="6" Attno="-6" ColName="cmax" TypeMdid="0.29.1.0"/>
                <dxl:Column ColId="7" Attno="-7" ColName="tableoid" TypeMdid="0.26.1.0"/>
                <dxl:Column ColId="8" Attno="-8" ColName="gp_segment_id" TypeMdid="0.23.1.0"/>
              </dxl:Columns>
            </dxl:TableDescriptor>
          </dxl:DynamicTableScan>
        </dxl:Sequence>
      </dxl:Result>
    </dxl:GatherMotion>
  </dxl:Plan>
</dxl:DXLMessage>
