<?xml version="1.0" encoding="UTF-8"?>
<dxl:DXLMessage xmlns:dxl="http://greenplum.com/dxl/2010/12/">
  <dxl:Plan>
    <dxl:GatherMotion InputSegments="0,1" OutputSegments="-1">
      <dxl:Properties>
        <dxl:Cost StartupCost="10" TotalCost="100" Rows="1000" Width="32"/>
      </dxl:Properties>
      <dxl:ProjList>
        <dxl:ProjElem ColId="0" Alias="pp.a">
          <dxl:Ident ColId="0" ColName="pp.a" TypeMdid="0.23.1.0"/>
        </dxl:ProjElem>
        <dxl:ProjElem ColId="1" Alias="pp.b">
          <dxl:Ident ColId="1" ColName="pp.b" TypeMdid="0.23.1.0"/>
        </dxl:ProjElem>
        <dxl:ProjElem ColId="9" Alias="s.c">
          <dxl:Ident ColId="9" ColName="s.c" TypeMdid="0.23.1.0"/>
        </dxl:ProjElem>
        <dxl:ProjElem ColId="10" Alias="s.d">
          <dxl:Ident ColId="10" ColName="s.d" TypeMdid="0.23.1.0"/>
        </dxl:ProjElem>
      </dxl:ProjList>
      <dxl:Filter/>
      <dxl:SortingColumnList/>
      <dxl:Append IsTarget="false" IsZapped="false">
        <dxl:Properties>
          <dxl:Cost StartupCost="10" TotalCost="100" Rows="1000" Width="32"/>
        </dxl:Properties>
        <dxl:ProjList>
          <dxl:ProjElem ColId="0" Alias="pp.a">
            <dxl:Ident ColId="0" ColName="pp.a" TypeMdid="0.23.1.0"/>
          </dxl:ProjElem>
          <dxl:ProjElem ColId="1" Alias="pp.b">
            <dxl:Ident ColId="1" ColName="pp.b" TypeMdid="0.23.1.0"/>
          </dxl:ProjElem>
          <dxl:ProjElem ColId="9" Alias="s.c">
            <dxl:Ident ColId="9" ColName="s.c" TypeMdid="0.23.1.0"/>
          </dxl:ProjElem>
          <dxl:ProjElem ColId="10" Alias="s.d">
            <dxl:Ident ColId="10" ColName="s.d" TypeMdid="0.23.1.0"/>
          </dxl:ProjElem>
        </dxl:ProjList>
        <dxl:Filter/>
        <dxl:HashJoin JoinType="Left">
          <dxl:Properties>
            <dxl:Cost StartupCost="10" TotalCost="100" Rows="1000" Width="24"/>
          </dxl:Properties>
          <dxl:ProjList>
            <dxl:ProjElem ColId="0" Alias="pp.a">
              <dxl:Ident ColId="0" ColName="pp.a" TypeMdid="0.23.1.0"/>
            </dxl:ProjElem>
            <dxl:ProjElem ColId="1" Alias="pp.b">
              <dxl:Ident ColId="1" ColName="pp.b" TypeMdid="0.23.1.0"/>
            </dxl:ProjElem>
            <dxl:ProjElem ColId="9" Alias="s.c">
              <dxl:Ident ColId="9" ColName="s.c" TypeMdid="0.23.1.0"/>
            </dxl:ProjElem>
            <dxl:ProjElem ColId="10" Alias="s.d">
              <dxl:Ident ColId="10" ColName="s.d" TypeMdid="0.23.1.0"/>
            </dxl:ProjElem>
          </dxl:ProjList>
          <dxl:Filter/>
          <dxl:JoinFilter/>
          <dxl:HashCondList>
            <dxl:Comparison ComparisonOperator="=" OperatorMdid="0.96.1.0">
              <dxl:Ident ColId="0" ColName="pp.a" TypeMdid="0.23.1.0"/>
              <dxl:Ident ColId="9" ColName="s.c" TypeMdid="0.23.1.0"/>
            </dxl:Comparison>
          </dxl:HashCondList>
          <dxl:Sequence>
            <dxl:Properties>
              <dxl:Cost StartupCost="10" TotalCost="100" Rows="1000" Width="16"/>
            </dxl:Properties>
            <dxl:ProjList>
              <dxl:ProjElem ColId="0" Alias="pp.a">
                <dxl:Ident ColId="0" ColName="pp.a" TypeMdid="0.23.1.0"/>
              </dxl:ProjElem>
              <dxl:ProjElem ColId="1" Alias="pp.b">
                <dxl:Ident ColId="1" ColName="pp.b" TypeMdid="0.23.1.0"/>
              </dxl:ProjElem>
            </dxl:ProjList>
            <dxl:Result>
              <dxl:Properties>
                <dxl:Cost StartupCost="10" TotalCost="100" Rows="100" Width="4"/>
              </dxl:Properties>
              <dxl:ProjList>
                <dxl:ProjElem ColId="37" Alias="gp_partition_propagation">
                  <dxl:FuncExpr FuncId="0.396072.1.0" FuncRetSet="false" TypeMdid="0.2278.1.0">
                    <dxl:ConstValue TypeMdid="0.23.1.0" Value="5"/>
                    <dxl:Ident ColId="36" ColName="gp_partition_propagation" TypeMdid="0.26.1.0"/>
                  </dxl:FuncExpr>
                </dxl:ProjElem>
              </dxl:ProjList>
              <dxl:Filter/>
              <dxl:OneTimeFilter/>
              <dxl:TableValuedFunction FuncId="0.32990.1.0" Name="gp_partition_expansion">
                <dxl:Properties>
                  <dxl:Cost StartupCost="10" TotalCost="100" Rows="100" Width="4"/>
                </dxl:Properties>
                <dxl:ProjList>
                  <dxl:ProjElem ColId="36" Alias="gp_partition_expansion">
                    <dxl:Ident ColId="36" ColName="gp_partition_expansion" TypeMdid="0.26.1.0"/>
                  </dxl:ProjElem>
                </dxl:ProjList>
                <dxl:ConstValue TypeMdid="0.26.1.0" Value="25064"/>
              </dxl:TableValuedFunction>
            </dxl:Result>
            <dxl:DynamicTableScan PartIndexId="0">
              <dxl:Properties>
                <dxl:Cost StartupCost="10" TotalCost="100" Rows="1000" Width="16"/>
              </dxl:Properties>
              <dxl:ProjList>
                <dxl:ProjElem ColId="0" Alias="pp.a">
                  <dxl:Ident ColId="0" ColName="pp.a" TypeMdid="0.23.1.0"/>
                </dxl:ProjElem>
                <dxl:ProjElem ColId="1" Alias="pp.b">
                  <dxl:Ident ColId="1" ColName="pp.b" TypeMdid="0.23.1.0"/>
                </dxl:ProjElem>
              </dxl:ProjList>
              <dxl:TableDescriptor Mdid="0.25064.1.0" TableName="pp">
                <dxl:Columns>
                  <dxl:Column ColId="0" Attno="1" ColName="a" TypeMdid="0.23.1.0"/>
                  <dxl:Column ColId="1" Attno="2" ColName="b" TypeMdid="0.23.1.0"/>
                  <dxl:Column ColId="2" Attno="-1" ColName="ctid" TypeMdid="0.27.1.0"/>
                  <dxl:Column ColId="3" Attno="-3" ColName="xmin" TypeMdid="0.28.1.0"/>
                  <dxl:Column ColId="4" Attno="-4" ColName="cmin" TypeMdid="0.29.1.0"/>
                  <dxl:Column ColId="5" Attno="-5" ColName="xmax" TypeMdid="0.28.1.0"/>
                  <dxl:Column ColId="6" Attno="-6" ColName="cmax" TypeMdid="0.29.1.0"/>
                  <dxl:Column ColId="7" Attno="-7" ColName="tableoid" TypeMdid="0.26.1.0"/>
                  <dxl:Column ColId="8" Attno="-8" ColName="gp_segment_id" TypeMdid="0.23.1.0"/>
                </dxl:Columns>
              </dxl:TableDescriptor>
            </dxl:DynamicTableScan>
          </dxl:Sequence>
          <dxl:TableScan>
            <dxl:Properties>
              <dxl:Cost StartupCost="10" TotalCost="100" Rows="2" Width="8"/>
            </dxl:Properties>
            <dxl:ProjList>
              <dxl:ProjElem ColId="9" Alias="s.c">
                <dxl:Ident ColId="9" ColName="s.c" TypeMdid="0.23.1.0"/>
              </dxl:ProjElem>
              <dxl:ProjElem ColId="10" Alias="s.d">
                <dxl:Ident ColId="10" ColName="s.d" TypeMdid="0.23.1.0"/>
              </dxl:ProjElem>
            </dxl:ProjList>
            <dxl:Filter/>
            <dxl:TableDescriptor Mdid="0.17562.1.1" TableName="s">
              <dxl:Columns>
                <dxl:Column ColId="9" Attno="1" ColName="c" TypeMdid="0.23.1.0"/>
                <dxl:Column ColId="10" Attno="2" ColName="d" TypeMdid="0.23.1.0"/>
                <dxl:Column ColId="11" Attno="-1" ColName="ctid" TypeMdid="0.27.1.0"/>
                <dxl:Column ColId="12" Attno="-3" ColName="xmin" TypeMdid="0.28.1.0"/>
                <dxl:Column ColId="13" Attno="-4" ColName="cmin" TypeMdid="0.29.1.0"/>
                <dxl:Column ColId="14" Attno="-5" ColName="xmax" TypeMdid="0.28.1.0"/>
                <dxl:Column ColId="15" Attno="-6" ColName="cmax" TypeMdid="0.29.1.0"/>
                <dxl:Column ColId="16" Attno="-7" ColName="tableoid" TypeMdid="0.26.1.0"/>
                <dxl:Column ColId="17" Attno="-8" ColName="gp_segment_id" TypeMdid="0.23.1.0"/>
              </dxl:Columns>
            </dxl:TableDescriptor>
          </dxl:TableScan>
        </dxl:HashJoin>
        <dxl:RedistributeMotion InputSegments="0,1" OutputSegments="0,1">
          <dxl:Properties>
            <dxl:Cost StartupCost="10" TotalCost="100" Rows="1000" Width="24"/>
          </dxl:Properties>
          <dxl:ProjList>
            <dxl:ProjElem ColId="18" Alias="s.c">
              <dxl:Ident ColId="18" ColName="s.c" TypeMdid="0.23.1.0"/>
            </dxl:ProjElem>
            <dxl:ProjElem ColId="19" Alias="s.d">
              <dxl:Ident ColId="19" ColName="s.d" TypeMdid="0.23.1.0"/>
            </dxl:ProjElem>
            <dxl:ProjElem ColId="27" Alias="pp.a">
              <dxl:Ident ColId="27" ColName="pp.a" TypeMdid="0.23.1.0"/>
            </dxl:ProjElem>
            <dxl:ProjElem ColId="28" Alias="pp.b">
              <dxl:Ident ColId="28" ColName="pp.b" TypeMdid="0.23.1.0"/>
            </dxl:ProjElem>
          </dxl:ProjList>
          <dxl:Filter/>
          <dxl:SortingColumnList/>
          <dxl:HashExprList>
            <dxl:HashExpr TypeMdid="0.23.1.0">
              <dxl:Ident ColId="18" ColName="s.c" TypeMdid="0.23.1.0"/>
            </dxl:HashExpr>
          </dxl:HashExprList>
          <dxl:HashJoin JoinType="Left">
            <dxl:Properties>
              <dxl:Cost StartupCost="10" TotalCost="100" Rows="1000" Width="24"/>
            </dxl:Properties>
            <dxl:ProjList>
              <dxl:ProjElem ColId="18" Alias="s.c">
                <dxl:Ident ColId="18" ColName="s.c" TypeMdid="0.23.1.0"/>
              </dxl:ProjElem>
              <dxl:ProjElem ColId="19" Alias="s.d">
                <dxl:Ident ColId="19" ColName="s.d" TypeMdid="0.23.1.0"/>
              </dxl:ProjElem>
              <dxl:ProjElem ColId="27" Alias="pp.a">
                <dxl:Ident ColId="27" ColName="pp.a" TypeMdid="0.23.1.0"/>
              </dxl:ProjElem>
              <dxl:ProjElem ColId="28" Alias="pp.b">
                <dxl:Ident ColId="28" ColName="pp.b" TypeMdid="0.23.1.0"/>
              </dxl:ProjElem>
            </dxl:ProjList>
            <dxl:Filter/>
            <dxl:JoinFilter/>
            <dxl:HashCondList>
              <dxl:Comparison ComparisonOperator="=" OperatorMdid="0.96.1.0">
                <dxl:Ident ColId="19" ColName="s.d" TypeMdid="0.23.1.0"/>
                <dxl:Ident ColId="27" ColName="pp.a" TypeMdid="0.23.1.0"/>
              </dxl:Comparison>
            </dxl:HashCondList>
            <dxl:RedistributeMotion InputSegments="0,1" OutputSegments="0,1">
              <dxl:Properties>
                <dxl:Cost StartupCost="10" TotalCost="100" Rows="2" Width="8"/>
              </dxl:Properties>
              <dxl:ProjList>
                <dxl:ProjElem ColId="18" Alias="s.c">
                  <dxl:Ident ColId="18" ColName="s.c" TypeMdid="0.23.1.0"/>
                </dxl:ProjElem>
                <dxl:ProjElem ColId="19" Alias="s.d">
                  <dxl:Ident ColId="19" ColName="s.d" TypeMdid="0.23.1.0"/>
                </dxl:ProjElem>
              </dxl:ProjList>
              <dxl:Filter/>
              <dxl:SortingColumnList/>
              <dxl:HashExprList>
                <dxl:HashExpr TypeMdid="0.23.1.0">
                  <dxl:Ident ColId="19" ColName="s.d" TypeMdid="0.23.1.0"/>
                </dxl:HashExpr>
              </dxl:HashExprList>
              <dxl:TableScan>
                <dxl:Properties>
                  <dxl:Cost StartupCost="10" TotalCost="100" Rows="2" Width="8"/>
                </dxl:Properties>
                <dxl:ProjList>
                  <dxl:ProjElem ColId="18" Alias="s.c">
                    <dxl:Ident ColId="18" ColName="s.c" TypeMdid="0.23.1.0"/>
                  </dxl:ProjElem>
                  <dxl:ProjElem ColId="19" Alias="s.d">
                    <dxl:Ident ColId="19" ColName="s.d" TypeMdid="0.23.1.0"/>
                  </dxl:ProjElem>
                </dxl:ProjList>
                <dxl:Filter/>
                <dxl:TableDescriptor Mdid="0.17562.1.1" TableName="s">
                  <dxl:Columns>
                    <dxl:Column ColId="18" Attno="1" ColName="c" TypeMdid="0.23.1.0"/>
                    <dxl:Column ColId="19" Attno="2" ColName="d" TypeMdid="0.23.1.0"/>
                    <dxl:Column ColId="20" Attno="-1" ColName="ctid" TypeMdid="0.27.1.0"/>
                    <dxl:Column ColId="21" Attno="-3" ColName="xmin" TypeMdid="0.28.1.0"/>
                    <dxl:Column ColId="22" Attno="-4" ColName="cmin" TypeMdid="0.29.1.0"/>
                    <dxl:Column ColId="23" Attno="-5" ColName="xmax" TypeMdid="0.28.1.0"/>
                    <dxl:Column ColId="24" Attno="-6" ColName="cmax" TypeMdid="0.29.1.0"/>
                    <dxl:Column ColId="25" Attno="-7" ColName="tableoid" TypeMdid="0.26.1.0"/>
                    <dxl:Column ColId="26" Attno="-8" ColName="gp_segment_id" TypeMdid="0.23.1.0"/>
                  </dxl:Columns>
                </dxl:TableDescriptor>
              </dxl:TableScan>
            </dxl:RedistributeMotion>
            <dxl:Sequence>
              <dxl:Properties>
                <dxl:Cost StartupCost="10" TotalCost="100" Rows="1000" Width="16"/>
              </dxl:Properties>
              <dxl:ProjList>
                <dxl:ProjElem ColId="27" Alias="pp.a">
                  <dxl:Ident ColId="27" ColName="pp.a" TypeMdid="0.23.1.0"/>
                </dxl:ProjElem>
                <dxl:ProjElem ColId="28" Alias="pp.b">
                  <dxl:Ident ColId="28" ColName="pp.b" TypeMdid="0.23.1.0"/>
                </dxl:ProjElem>
              </dxl:ProjList>
              <dxl:Result>
                <dxl:Properties>
                  <dxl:Cost StartupCost="10" TotalCost="100" Rows="100" Width="4"/>
                </dxl:Properties>
                <dxl:ProjList>
                  <dxl:ProjElem ColId="39" Alias="gp_partition_propagation">
                    <dxl:FuncExpr FuncId="0.396072.1.0" FuncRetSet="false" TypeMdid="0.2278.1.0">
                      <dxl:ConstValue TypeMdid="0.23.1.0" Value="10"/>
                      <dxl:Ident ColId="38" ColName="gp_partition_propagation" TypeMdid="0.26.1.0"/>
                    </dxl:FuncExpr>
                  </dxl:ProjElem>
                </dxl:ProjList>
                <dxl:Filter/>
                <dxl:OneTimeFilter/>
                <dxl:TableValuedFunction FuncId="0.32990.1.0" Name="gp_partition_expansion">
                  <dxl:Properties>
                    <dxl:Cost StartupCost="10" TotalCost="100" Rows="100" Width="4"/>
                  </dxl:Properties>
                  <dxl:ProjList>
                    <dxl:ProjElem ColId="38" Alias="gp_partition_expansion">
                      <dxl:Ident ColId="38" ColName="gp_partition_expansion" TypeMdid="0.26.1.0"/>
                    </dxl:ProjElem>
                  </dxl:ProjList>
                  <dxl:ConstValue TypeMdid="0.26.1.0" Value="25064"/>
                </dxl:TableValuedFunction>
              </dxl:Result>
              <dxl:DynamicTableScan PartIndexId="1">
                <dxl:Properties>
                  <dxl:Cost StartupCost="10" TotalCost="100" Rows="1000" Width="16"/>
                </dxl:Properties>
                <dxl:ProjList>
                  <dxl:ProjElem ColId="27" Alias="pp.a">
                    <dxl:Ident ColId="27" ColName="pp.a" TypeMdid="0.23.1.0"/>
                  </dxl:ProjElem>
                  <dxl:ProjElem ColId="28" Alias="pp.b">
                    <dxl:Ident ColId="28" ColName="pp.b" TypeMdid="0.23.1.0"/>
                  </dxl:ProjElem>
                </dxl:ProjList>
                <dxl:TableDescriptor Mdid="0.25064.1.0" TableName="pp">
                  <dxl:Columns>
                    <dxl:Column ColId="27" Attno="1" ColName="a" TypeMdid="0.23.1.0"/>
                    <dxl:Column ColId="28" Attno="2" ColName="b" TypeMdid="0.23.1.0"/>
                    <dxl:Column ColId="29" Attno="-1" ColName="ctid" TypeMdid="0.27.1.0"/>
                    <dxl:Column ColId="30" Attno="-3" ColName="xmin" TypeMdid="0.28.1.0"/>
                    <dxl:Column ColId="31" Attno="-4" ColName="cmin" TypeMdid="0.29.1.0"/>
                    <dxl:Column ColId="32" Attno="-5" ColName="xmax" TypeMdid="0.28.1.0"/>
                    <dxl:Column ColId="33" Attno="-6" ColName="cmax" TypeMdid="0.29.1.0"/>
                    <dxl:Column ColId="34" Attno="-7" ColName="tableoid" TypeMdid="0.26.1.0"/>
                    <dxl:Column ColId="35" Attno="-8" ColName="gp_segment_id" TypeMdid="0.23.1.0"/>
                  </dxl:Columns>
                </dxl:TableDescriptor>
              </dxl:DynamicTableScan>
            </dxl:Sequence>
          </dxl:HashJoin>
        </dxl:RedistributeMotion>
      </dxl:Append>
    </dxl:GatherMotion>
  </dxl:Plan>
</dxl:DXLMessage>
