<?xml version="1.0" encoding="UTF-8"?>
<dxl:DXLMessage xmlns:dxl="http://greenplum.com/dxl/2010/12/">
  <dxl:Plan>
    <dxl:GatherMotion InputSegments="0,1" OutputSegments="-1">
      <dxl:Properties>
        <dxl:Cost StartupCost="10" TotalCost="100" Rows="200" Width="16"/>
      </dxl:Properties>
      <dxl:ProjList>
        <dxl:ProjElem ColId="0" Alias="pp.a">
          <dxl:Ident ColId="0" ColName="pp.a" TypeMdid="0.23.1.0"/>
        </dxl:ProjElem>
        <dxl:ProjElem ColId="1" Alias="pp.b">
          <dxl:Ident ColId="1" ColName="pp.b" TypeMdid="0.23.1.0"/>
        </dxl:ProjElem>
      </dxl:ProjList>
      <dxl:Filter/>
      <dxl:SortingColumnList/>
      <dxl:Result>
        <dxl:Properties>
          <dxl:Cost StartupCost="10" TotalCost="100" Rows="200" Width="16"/>
        </dxl:Properties>
        <dxl:ProjList>
          <dxl:ProjElem ColId="0" Alias="pp.a">
            <dxl:Ident ColId="0" ColName="pp.a" TypeMdid="0.23.1.0"/>
          </dxl:ProjElem>
          <dxl:ProjElem ColId="1" Alias="pp.b">
            <dxl:Ident ColId="1" ColName="pp.b" TypeMdid="0.23.1.0"/>
          </dxl:ProjElem>
        </dxl:ProjList>
        <dxl:Filter>
          <dxl:Comparison ComparisonOperator="&gt;" OperatorMdid="0.521.1.0">
            <dxl:ConstValue TypeMdid="0.23.1.0" Value="10"/>
            <dxl:Ident ColId="0" ColName="pp.a" TypeMdid="0.23.1.0"/>
          </dxl:Comparison>
        </dxl:Filter>
        <dxl:OneTimeFilter/>
        <dxl:Sequence>
          <dxl:Properties>
            <dxl:Cost StartupCost="10" TotalCost="100" Rows="1000" Width="16"/>
          </dxl:Properties>
          <dxl:ProjList>
            <dxl:ProjElem ColId="0" Alias="pp.a">
              <dxl:Ident ColId="0" ColName="pp.a" TypeMdid="0.23.1.0"/>
            </dxl:ProjElem>
            <dxl:ProjElem ColId="1" Alias="pp.b">
              <dxl:Ident ColId="1" ColName="pp.b" TypeMdid="0.23.1.0"/>
            </dxl:ProjElem>
          </dxl:ProjList>
          <dxl:Result>
            <dxl:Properties>
              <dxl:Cost StartupCost="10" TotalCost="100" Rows="100" Width="4"/>
            </dxl:Properties>
            <dxl:ProjList>
              <dxl:ProjElem ColId="12" Alias="gp_partition_propagation">
                <dxl:FuncExpr FuncId="0.396072.1.0" FuncRetSet="false" TypeMdid="0.2278.1.0">
                  <dxl:ConstValue TypeMdid="0.23.1.0" Value="5"/>
                  <dxl:Ident ColId="9" ColName="gp_partition_propagation" TypeMdid="0.26.1.0"/>
                </dxl:FuncExpr>
              </dxl:ProjElem>
            </dxl:ProjList>
            <dxl:Filter/>
            <dxl:OneTimeFilter/>
            <dxl:Result>
              <dxl:Properties>
                <dxl:Cost StartupCost="10" TotalCost="100" Rows="100" Width="4"/>
              </dxl:Properties>
              <dxl:ProjList>
                <dxl:ProjElem ColId="9" Alias="partid">
                  <dxl:Ident ColId="9" ColName="partid" TypeMdid="0.26.1.0"/>
                </dxl:ProjElem>
                <dxl:ProjElem ColId="10" Alias="min">
                  <dxl:Ident ColId="10" ColName="min" TypeMdid="0.23.1.0"/>
                </dxl:ProjElem>
                <dxl:ProjElem ColId="11" Alias="max">
                  <dxl:Ident ColId="11" ColName="max" TypeMdid="0.23.1.0"/>
                </dxl:ProjElem>
              </dxl:ProjList>
              <dxl:Filter>
                <dxl:Comparison ComparisonOperator="&lt;=" OperatorMdid="0.523.1.0">
                  <dxl:Ident ColId="10" ColName="min" TypeMdid="0.23.1.0"/>
                  <dxl:ConstValue TypeMdid="0.23.1.0" Value="10"/>
                </dxl:Comparison>
              </dxl:Filter>
              <dxl:OneTimeFilter/>
              <dxl:TableValuedFunction FuncId="0.41852.1.0" Name="gp_partition_inverse">
                <dxl:Properties>
                  <dxl:Cost StartupCost="10" TotalCost="100" Rows="100" Width="4"/>
                </dxl:Properties>
                <dxl:ProjList>
                  <dxl:ProjElem ColId="9" Alias="partid">
                    <dxl:Ident ColId="9" ColName="partid" TypeMdid="0.26.1.0"/>
                  </dxl:ProjElem>
                  <dxl:ProjElem ColId="10" Alias="min">
                    <dxl:Ident ColId="10" ColName="min" TypeMdid="0.23.1.0"/>
                  </dxl:ProjElem>
                  <dxl:ProjElem ColId="11" Alias="max">
                    <dxl:Ident ColId="11" ColName="max" TypeMdid="0.23.1.0"/>
                  </dxl:ProjElem>
                </dxl:ProjList>
                <dxl:ConstValue TypeMdid="0.26.1.0" Value="25064"/>
              </dxl:TableValuedFunction>
            </dxl:Result>
          </dxl:Result>
          <dxl:DynamicTableScan PartIndexId="0">
            <dxl:Properties>
              <dxl:Cost StartupCost="10" TotalCost="100" Rows="1000" Width="16"/>
            </dxl:Properties>
            <dxl:ProjList>
              <dxl:ProjElem ColId="0" Alias="pp.a">
                <dxl:Ident ColId="0" ColName="pp.a" TypeMdid="0.23.1.0"/>
              </dxl:ProjElem>
              <dxl:ProjElem ColId="1" Alias="pp.b">
                <dxl:Ident ColId="1" ColName="pp.b" TypeMdid="0.23.1.0"/>
              </dxl:ProjElem>
            </dxl:ProjList>
            <dxl:TableDescriptor Mdid="0.25064.1.0" TableName="pp">
              <dxl:Columns>
                <dxl:Column ColId="0" Attno="1" ColName="a" TypeMdid="0.23.1.0"/>
                <dxl:Column ColId="1" Attno="2" ColName="b" TypeMdid="0.23.1.0"/>
                <dxl:Column ColId="2" Attno="-1" ColName="ctid" TypeMdid="0.27.1.0"/>
                <dxl:Column ColId="3" Attno="-3" ColName="xmin" TypeMdid="0.28.1.0"/>
                <dxl:Column ColId="4" Attno="-4" ColName="cmin" TypeMdid="0.29.1.0"/>
                <dxl:Column ColId="5" Attno="-5" ColName="xmax" TypeMdid="0.28.1.0"/>
                <dxl:Column ColId="6" Attno="-6" ColName="cmax" TypeMdid="0.29.1.0"/>
                <dxl:Column ColId="7" Attno="-7" ColName="tableoid" TypeMdid="0.26.1.0"/>
                <dxl:Column ColId="8" Attno="-8" ColName="gp_segment_id" TypeMdid="0.23.1.0"/>
              </dxl:Columns>
            </dxl:TableDescriptor>
          </dxl:DynamicTableScan>
        </dxl:Sequence>
      </dxl:Result>
    </dxl:GatherMotion>
  </dxl:Plan>
</dxl:DXLMessage>
