<?xml version="1.0" encoding="UTF-8"?>
<dxl:DXLMessage xmlns:dxl="http://greenplum.com/dxl/2010/12/">
  <dxl:Plan>
    <dxl:Aggregate AggregationStrategy="Plain">
      <dxl:Properties>
        <dxl:Cost StartupCost="10" TotalCost="100" Rows="1000" Width="8"/>
      </dxl:Properties>
      <dxl:GroupingColumns/>
      <dxl:ProjList>
        <dxl:ProjElem ColId="9" Alias="count">
          <dxl:AggFunc AggMdid="0.2803.1.0" AggDistinct="false" AggStage="Normal"/>
        </dxl:ProjElem>
      </dxl:ProjList>
      <dxl:Filter/>
      <dxl:GatherMotion InputSegments="0,1" OutputSegments="-1">
        <dxl:Properties>
          <dxl:Cost StartupCost="10" TotalCost="100" Rows="1000" Width="1"/>
        </dxl:Properties>
        <dxl:ProjList/>
        <dxl:Filter/>
        <dxl:SortingColumnList/>
        <dxl:Sequence>
          <dxl:Properties>
            <dxl:Cost StartupCost="10" TotalCost="100" Rows="1000" Width="1"/>
          </dxl:Properties>
          <dxl:ProjList/>
          <dxl:Result>
            <dxl:Properties>
              <dxl:Cost StartupCost="10" TotalCost="100" Rows="100" Width="4"/>
            </dxl:Properties>
            <dxl:ProjList>
              <dxl:ProjElem ColId="12" Alias="gp_partition_propagation">
                <dxl:FuncExpr FuncId="0.32988.1.0" FuncRetSet="false" TypeMdid="0.2278.1.0">
                  <dxl:ConstValue TypeMdid="0.23.1.0" Value="5"/>
                  <dxl:Ident ColId="11" ColName="gp_partition_propagation" TypeMdid="0.26.1.0"/>
                </dxl:FuncExpr>
              </dxl:ProjElem>
            </dxl:ProjList>
            <dxl:Filter/>
            <dxl:OneTimeFilter/>
            <dxl:TableValuedFunction FuncId="0.32990.1.0" Name="gp_partition_expansion">
              <dxl:Properties>
                <dxl:Cost StartupCost="10" TotalCost="100" Rows="100" Width="4"/>
              </dxl:Properties>
              <dxl:ProjList>
                <dxl:ProjElem ColId="11" Alias="gp_partition_expansion">
                  <dxl:Ident ColId="11" ColName="gp_partition_expansion" TypeMdid="0.26.1.0"/>
                </dxl:ProjElem>
              </dxl:ProjList>
              <dxl:ConstValue TypeMdid="0.26.1.0" Value="280643"/>
            </dxl:TableValuedFunction>
          </dxl:Result>
          <dxl:DynamicTableScan PartIndexId="0">
            <dxl:Properties>
              <dxl:Cost StartupCost="10" TotalCost="100" Rows="1000" Width="1"/>
            </dxl:Properties>
            <dxl:ProjList/>
            <dxl:TableDescriptor Mdid="0.280643.1.1" TableName="pp">
              <dxl:Columns>
                <dxl:Column ColId="0" Attno="1" ColName="a" TypeMdid="0.23.1.0"/>
                <dxl:Column ColId="1" Attno="2" ColName="b" TypeMdid="0.23.1.0"/>
                <dxl:Column ColId="2" Attno="-1" ColName="ctid" TypeMdid="0.27.1.0"/>
                <dxl:Column ColId="3" Attno="-3" ColName="xmin" TypeMdid="0.28.1.0"/>
                <dxl:Column ColId="4" Attno="-4" ColName="cmin" TypeMdid="0.29.1.0"/>
                <dxl:Column ColId="5" Attno="-5" ColName="xmax" TypeMdid="0.28.1.0"/>
                <dxl:Column ColId="6" Attno="-6" ColName="cmax" TypeMdid="0.29.1.0"/>
                <dxl:Column ColId="7" Attno="-7" ColName="tableoid" TypeMdid="0.26.1.0"/>
                <dxl:Column ColId="8" Attno="-8" ColName="gp_segment_id" TypeMdid="0.23.1.0"/>
              </dxl:Columns>
            </dxl:TableDescriptor>
          </dxl:DynamicTableScan>
        </dxl:Sequence>
      </dxl:GatherMotion>
    </dxl:Aggregate>
  </dxl:Plan>
</dxl:DXLMessage>
