<?xml version="1.0" encoding="UTF-8"?>
<dxl:DXLMessage xmlns:dxl="http://greenplum.com/dxl/2010/12/">
  <dxl:Plan>
    <dxl:Result>
      <dxl:Properties>
        <dxl:Cost StartupCost="10" TotalCost="100" Rows="1000" Width="12"/>
      </dxl:Properties>
      <dxl:ProjList>
        <dxl:ProjElem ColId="0" Alias="BaseTable.column_0000">
          <dxl:Ident ColId="0" ColName="BaseTable.column_0000" TypeMdid="0.23.1.0"/>
        </dxl:ProjElem>
        <dxl:ProjElem ColId="1" Alias="BaseTable.column_0001">
          <dxl:Ident ColId="1" ColName="BaseTable.column_0001" TypeMdid="0.23.1.0"/>
        </dxl:ProjElem>
        <dxl:ProjElem ColId="2" Alias="BaseTable.column_0002">
          <dxl:Ident ColId="2" ColName="BaseTable.column_0002" TypeMdid="0.23.1.0"/>
        </dxl:ProjElem>
      </dxl:ProjList>
      <dxl:Filter>
        <dxl:And>
          <dxl:Comparison ComparisonOperator="=" OperatorMdid="0.96.1.0">
            <dxl:Ident ColId="0" ColName="BaseTable.column_0000" TypeMdid="0.23.1.0"/>
            <dxl:ConstValue TypeMdid="0.23.1.0" Value="10"/>
          </dxl:Comparison>
          <dxl:Comparison ComparisonOperator="=" OperatorMdid="0.96.1.0">
            <dxl:Ident ColId="0" ColName="BaseTable.column_0000" TypeMdid="0.23.1.0"/>
            <dxl:Ident ColId="1" ColName="BaseTable.column_0001" TypeMdid="0.23.1.0"/>
          </dxl:Comparison>
        </dxl:And>
      </dxl:Filter>
      <dxl:OneTimeFilter/>
      <dxl:TableScan>
        <dxl:Properties>
          <dxl:Cost StartupCost="10" TotalCost="100" Rows="1000" Width="12"/>
        </dxl:Properties>
        <dxl:ProjList>
          <dxl:ProjElem ColId="0" Alias="BaseTable.column_0000">
            <dxl:Ident ColId="0" ColName="BaseTable.column_0000" TypeMdid="0.23.1.0"/>
          </dxl:ProjElem>
          <dxl:ProjElem ColId="1" Alias="BaseTable.column_0001">
            <dxl:Ident ColId="1" ColName="BaseTable.column_0001" TypeMdid="0.23.1.0"/>
          </dxl:ProjElem>
          <dxl:ProjElem ColId="2" Alias="BaseTable.column_0002">
            <dxl:Ident ColId="2" ColName="BaseTable.column_0002" TypeMdid="0.23.1.0"/>
          </dxl:ProjElem>
        </dxl:ProjList>
        <dxl:Filter/>
        <dxl:TableDescriptor Mdid="0.58045.1.0" TableName="BaseTable">
          <dxl:Columns>
            <dxl:Column ColId="0" Attno="1" ColName="column_0000" TypeMdid="0.23.1.0"/>
            <dxl:Column ColId="1" Attno="2" ColName="column_0001" TypeMdid="0.23.1.0"/>
            <dxl:Column ColId="2" Attno="3" ColName="column_0002" TypeMdid="0.23.1.0"/>
          </dxl:Columns>
        </dxl:TableDescriptor>
      </dxl:TableScan>
    </dxl:Result>
  </dxl:Plan>
</dxl:DXLMessage>
