<?xml version="1.0" encoding="UTF-8"?>
<dxl:DXLMessage xmlns:dxl="http://greenplum.com/dxl/2010/12/">
  <dxl:Plan>
    <dxl:GatherMotion InputSegments="0,1" OutputSegments="-1">
      <dxl:Properties>
        <dxl:Cost StartupCost="10" TotalCost="100" Rows="123" Width="12"/>
      </dxl:Properties>
      <dxl:ProjList>
        <dxl:ProjElem ColId="6" Alias="T.a">
          <dxl:Ident ColId="6" ColName="T.a" TypeMdid="0.23.1.0"/>
        </dxl:ProjElem>
        <dxl:ProjElem ColId="7" Alias="T.b">
          <dxl:Ident ColId="7" ColName="T.b" TypeMdid="0.23.1.0"/>
        </dxl:ProjElem>
      </dxl:ProjList>
      <dxl:Filter/>
      <dxl:SortingColumnList/>
      <dxl:IndexScan IndexScanDirection="Forward">
        <dxl:Properties>
          <dxl:Cost StartupCost="10" TotalCost="100" Rows="123" Width="12"/>
        </dxl:Properties>
        <dxl:ProjList>
          <dxl:ProjElem ColId="6" Alias="T.a">
            <dxl:Ident ColId="6" ColName="T.a" TypeMdid="0.23.1.0"/>
          </dxl:ProjElem>
          <dxl:ProjElem ColId="7" Alias="T.b">
            <dxl:Ident ColId="7" ColName="T.b" TypeMdid="0.23.1.0"/>
          </dxl:ProjElem>
        </dxl:ProjList>
        <dxl:Filter/>
        <dxl:IndexCondList>
          <dxl:Comparison ComparisonOperator="=" OperatorMdid="0.96.1.0">
            <dxl:Ident ColId="6" ColName="T.a" TypeMdid="0.23.1.0"/>
            <dxl:ConstValue TypeMdid="0.23.1.0" Value="10"/>
          </dxl:Comparison>
        </dxl:IndexCondList>
        <dxl:IndexDescriptor Mdid="0.2347.1.1" IndexName="T_a"/>
        <dxl:TableDescriptor Mdid="0.1234.1.1" TableName="T">
          <dxl:Columns>
            <dxl:Column ColId="6" Attno="1" ColName="a" TypeMdid="0.23.1.0"/>
            <dxl:Column ColId="7" Attno="2" ColName="b" TypeMdid="0.23.1.0"/>
          </dxl:Columns>
        </dxl:TableDescriptor>
      </dxl:IndexScan>
    </dxl:GatherMotion>
  </dxl:Plan>
</dxl:DXLMessage>
