<?xml version="1.0" encoding="UTF-8"?>
<dxl:DXLMessage xmlns:dxl="http://greenplum.com/dxl/2010/12/">
  <dxl:Plan>
    <dxl:Result>
      <dxl:Properties>
        <dxl:Cost StartupCost="10" TotalCost="100" Rows="1000" Width="12"/>
      </dxl:Properties>
      <dxl:ProjList>
        <dxl:ProjElem ColId="0" Alias="m.a">
          <dxl:Ident ColId="0" ColName="m.a" TypeMdid="0.23.1.0"/>
        </dxl:ProjElem>
        <dxl:ProjElem ColId="1" Alias="m.b">
          <dxl:Ident ColId="1" ColName="m.b" TypeMdid="0.23.1.0"/>
        </dxl:ProjElem>
      </dxl:ProjList>
      <dxl:Filter>
        <dxl:Comparison ComparisonOperator="=" OperatorMdid="0.96.1.0">
          <dxl:FuncExpr FuncId="0.1397.1.0" FuncRetSet="false" TypeMdid="0.23.1.0">
            <dxl:Ident ColId="0" ColName="m.a" TypeMdid="0.23.1.0"/>
          </dxl:FuncExpr>
          <dxl:ConstValue TypeMdid="0.23.1.0" Value="20"/>
        </dxl:Comparison>
      </dxl:Filter>
      <dxl:OneTimeFilter/>
      <dxl:TableScan>
        <dxl:Properties>
          <dxl:Cost StartupCost="10" TotalCost="100" Rows="1000" Width="12"/>
        </dxl:Properties>
        <dxl:ProjList>
          <dxl:ProjElem ColId="0" Alias="m.a">
            <dxl:Ident ColId="0" ColName="m.a" TypeMdid="0.23.1.0"/>
          </dxl:ProjElem>
          <dxl:ProjElem ColId="1" Alias="m.b">
            <dxl:Ident ColId="1" ColName="m.b" TypeMdid="0.23.1.0"/>
          </dxl:ProjElem>
        </dxl:ProjList>
        <dxl:Filter/>
        <dxl:TableDescriptor Mdid="0.48716.1.0" TableName="m">
          <dxl:Columns>
            <dxl:Column ColId="0" Attno="1" ColName="a" TypeMdid="0.23.1.0"/>
            <dxl:Column ColId="1" Attno="2" ColName="b" TypeMdid="0.23.1.0"/>
          </dxl:Columns>
        </dxl:TableDescriptor>
      </dxl:TableScan>
    </dxl:Result>
  </dxl:Plan>
</dxl:DXLMessage>
