<?xml version="1.0" encoding="UTF-8"?>
<dxl:DXLMessage xmlns:dxl="http://greenplum.com/dxl/2010/12/">
  <dxl:Plan>
    <dxl:GatherMotion InputSegments="0,1" OutputSegments="-1">
      <dxl:Properties>
        <dxl:Cost StartupCost="10" TotalCost="100" Rows="1" Width="12"/>
      </dxl:Properties>
      <dxl:ProjList>
        <dxl:ProjElem ColId="187" Alias="s.s1">
          <dxl:Ident ColId="187" ColName="s.s1" TypeMdid="0.23.1.0"/>
        </dxl:ProjElem>
        <dxl:ProjElem ColId="188" Alias="s.s2">
          <dxl:Ident ColId="188" ColName="s.s2" TypeMdid="0.23.1.0"/>
        </dxl:ProjElem>
        <dxl:ProjElem ColId="189" Alias="s.s3">
          <dxl:Ident ColId="189" ColName="s.s3" TypeMdid="0.23.1.0"/>
        </dxl:ProjElem>
        <dxl:ProjElem ColId="197" Alias="t.t1">
          <dxl:Ident ColId="197" ColName="t.t1" TypeMdid="0.23.1.0"/>
        </dxl:ProjElem>
        <dxl:ProjElem ColId="198" Alias="t.t2">
          <dxl:Ident ColId="198" ColName="t.t2" TypeMdid="0.23.1.0"/>
        </dxl:ProjElem>
        <dxl:ProjElem ColId="199" Alias="t.t3">
          <dxl:Ident ColId="199" ColName="t.t3" TypeMdid="0.23.1.0"/>
        </dxl:ProjElem>
      </dxl:ProjList>
      <dxl:Filter/>
      <dxl:SortingColumnList/>
      <dxl:HashJoin JoinType="Inner">
        <dxl:Properties>
          <dxl:Cost StartupCost="10" TotalCost="100" Rows="1" Width="12"/>
        </dxl:Properties>
        <dxl:ProjList>
          <dxl:ProjElem ColId="187" Alias="s.s1">
            <dxl:Ident ColId="187" ColName="s.s1" TypeMdid="0.23.1.0"/>
          </dxl:ProjElem>
          <dxl:ProjElem ColId="188" Alias="s.s2">
            <dxl:Ident ColId="188" ColName="s.s2" TypeMdid="0.23.1.0"/>
          </dxl:ProjElem>
          <dxl:ProjElem ColId="189" Alias="s.s3">
            <dxl:Ident ColId="189" ColName="s.s3" TypeMdid="0.23.1.0"/>
          </dxl:ProjElem>
          <dxl:ProjElem ColId="197" Alias="t.t1">
            <dxl:Ident ColId="197" ColName="t.t1" TypeMdid="0.23.1.0"/>
          </dxl:ProjElem>
          <dxl:ProjElem ColId="198" Alias="t.t2">
            <dxl:Ident ColId="198" ColName="t.t2" TypeMdid="0.23.1.0"/>
          </dxl:ProjElem>
          <dxl:ProjElem ColId="199" Alias="t.t3">
            <dxl:Ident ColId="199" ColName="t.t3" TypeMdid="0.23.1.0"/>
          </dxl:ProjElem>
        </dxl:ProjList>
        <dxl:Filter/>
        <dxl:JoinFilter/>
        <dxl:HashCondList>
          <dxl:Comparison ComparisonOperator="=" OperatorMdid="0.96.1.0">
            <dxl:Ident ColId="188" ColName="s.s2" TypeMdid="0.23.1.0"/>
            <dxl:Ident ColId="197" ColName="t.t1" TypeMdid="0.23.1.0"/>
          </dxl:Comparison>
        </dxl:HashCondList>
        <dxl:RedistributeMotion InputSegments="0,1" OutputSegments="0,1">
          <dxl:Properties>
            <dxl:Cost StartupCost="10" TotalCost="100" Rows="12" Width="12"/>
          </dxl:Properties>
          <dxl:ProjList>
            <dxl:ProjElem ColId="187" Alias="s.s1">
              <dxl:Ident ColId="187" ColName="s.s1" TypeMdid="0.23.1.0"/>
            </dxl:ProjElem>
            <dxl:ProjElem ColId="188" Alias="s.s2">
              <dxl:Ident ColId="188" ColName="s.s2" TypeMdid="0.23.1.0"/>
            </dxl:ProjElem>
            <dxl:ProjElem ColId="189" Alias="s.s3">
              <dxl:Ident ColId="189" ColName="s.s3" TypeMdid="0.23.1.0"/>
            </dxl:ProjElem>
          </dxl:ProjList>
          <dxl:Filter/>
          <dxl:SortingColumnList/>
          <dxl:HashExprList>
            <dxl:HashExpr TypeMdid="0.23.1.0">
              <dxl:Ident ColId="188" ColName="s.s2" TypeMdid="0.23.1.0"/>
            </dxl:HashExpr>
          </dxl:HashExprList>
          <dxl:TableScan>
            <dxl:Properties>
              <dxl:Cost StartupCost="10" TotalCost="100" Rows="12" Width="12"/>
            </dxl:Properties>
            <dxl:ProjList>
              <dxl:ProjElem ColId="187" Alias="s.s1">
                <dxl:Ident ColId="187" ColName="s.s1" TypeMdid="0.23.1.0"/>
              </dxl:ProjElem>
              <dxl:ProjElem ColId="188" Alias="s.s2">
                <dxl:Ident ColId="188" ColName="s.s2" TypeMdid="0.23.1.0"/>
              </dxl:ProjElem>
              <dxl:ProjElem ColId="189" Alias="s.s3">
                <dxl:Ident ColId="189" ColName="s.s3" TypeMdid="0.23.1.0"/>
              </dxl:ProjElem>
            </dxl:ProjList>
            <dxl:Filter/>
            <dxl:TableDescriptor Mdid="0.899663.1.1" TableName="s">
              <dxl:Columns>
                <dxl:Column ColId="187" Attno="1" ColName="s1" TypeMdid="0.23.1.0"/>
                <dxl:Column ColId="188" Attno="2" ColName="s2" TypeMdid="0.23.1.0"/>
                <dxl:Column ColId="189" Attno="3" ColName="s3" TypeMdid="0.23.1.0"/>
                <dxl:Column ColId="190" Attno="-1" ColName="ctid" TypeMdid="0.27.1.0"/>
                <dxl:Column ColId="191" Attno="-3" ColName="xmin" TypeMdid="0.28.1.0"/>
                <dxl:Column ColId="192" Attno="-4" ColName="cmin" TypeMdid="0.29.1.0"/>
                <dxl:Column ColId="193" Attno="-5" ColName="xmax" TypeMdid="0.28.1.0"/>
                <dxl:Column ColId="194" Attno="-6" ColName="cmax" TypeMdid="0.29.1.0"/>
                <dxl:Column ColId="195" Attno="-7" ColName="tableoid" TypeMdid="0.26.1.0"/>
                <dxl:Column ColId="196" Attno="-8" ColName="gp_segment_id" TypeMdid="0.23.1.0"/>
              </dxl:Columns>
            </dxl:TableDescriptor>
          </dxl:TableScan>
        </dxl:RedistributeMotion>
        <dxl:TableScan>
          <dxl:Properties>
            <dxl:Cost StartupCost="10" TotalCost="100" Rows="12" Width="12"/>
          </dxl:Properties>
          <dxl:ProjList>
            <dxl:ProjElem ColId="197" Alias="t.t1">
              <dxl:Ident ColId="197" ColName="t.t1" TypeMdid="0.23.1.0"/>
            </dxl:ProjElem>
            <dxl:ProjElem ColId="198" Alias="t.t2">
              <dxl:Ident ColId="198" ColName="t.t2" TypeMdid="0.23.1.0"/>
            </dxl:ProjElem>
            <dxl:ProjElem ColId="199" Alias="t.t3">
              <dxl:Ident ColId="199" ColName="t.t3" TypeMdid="0.23.1.0"/>
            </dxl:ProjElem>
          </dxl:ProjList>
          <dxl:Filter/>
          <dxl:TableDescriptor Mdid="0.899686.1.1" TableName="t">
            <dxl:Columns>
              <dxl:Column ColId="197" Attno="1" ColName="t1" TypeMdid="0.23.1.0"/>
              <dxl:Column ColId="198" Attno="2" ColName="t2" TypeMdid="0.23.1.0"/>
              <dxl:Column ColId="199" Attno="3" ColName="t3" TypeMdid="0.23.1.0"/>
              <dxl:Column ColId="200" Attno="-1" ColName="ctid" TypeMdid="0.27.1.0"/>
              <dxl:Column ColId="201" Attno="-3" ColName="xmin" TypeMdid="0.28.1.0"/>
              <dxl:Column ColId="202" Attno="-4" ColName="cmin" TypeMdid="0.29.1.0"/>
              <dxl:Column ColId="203" Attno="-5" ColName="xmax" TypeMdid="0.28.1.0"/>
              <dxl:Column ColId="204" Attno="-6" ColName="cmax" TypeMdid="0.29.1.0"/>
              <dxl:Column ColId="205" Attno="-7" ColName="tableoid" TypeMdid="0.26.1.0"/>
              <dxl:Column ColId="206" Attno="-8" ColName="gp_segment_id" TypeMdid="0.23.1.0"/>
            </dxl:Columns>
          </dxl:TableDescriptor>
        </dxl:TableScan>
      </dxl:HashJoin>
    </dxl:GatherMotion>
  </dxl:Plan>
</dxl:DXLMessage>
