<?xml version="1.0" encoding="UTF-8"?>
<dxl:DXLMessage xmlns:dxl="http://greenplum.com/dxl/2010/12/">
  <dxl:Plan>
    <dxl:Result>
      <dxl:Properties>
        <dxl:Cost StartupCost="10" TotalCost="100" Rows="1000" Width="12"/>
      </dxl:Properties>
      <dxl:ProjList>
        <dxl:ProjElem ColId="0" Alias="r.a">
          <dxl:Ident ColId="0" ColName="r.a" TypeMdid="0.23.1.0"/>
        </dxl:ProjElem>
        <dxl:ProjElem ColId="1" Alias="r.b">
          <dxl:Ident ColId="1" ColName="r.b" TypeMdid="0.23.1.0"/>
        </dxl:ProjElem>
        <dxl:ProjElem ColId="2" Alias="t.e">
          <dxl:Ident ColId="2" ColName="t.e" TypeMdid="0.23.1.0"/>
        </dxl:ProjElem>
        <dxl:ProjElem ColId="3" Alias="t.f">
          <dxl:Ident ColId="3" ColName="t.f" TypeMdid="0.23.1.0"/>
        </dxl:ProjElem>
      </dxl:ProjList>
      <dxl:Filter>
        <dxl:Comparison ComparisonOperator="=" OperatorMdid="96" OperatorFuncMdid="65">
          <dxl:Ident ColId="0" ColName="r.a" TypeMdid="0.23.1.0"/>
          <dxl:Ident ColId="2" ColName="t.e" TypeMdid="0.23.1.0"/>
        </dxl:Comparison>
      </dxl:Filter>
      <dxl:OneTimeFilter/>
      <dxl:NestedLoopJoin JoinType="Inner">
        <dxl:Properties>
          <dxl:Cost StartupCost="10" TotalCost="100" Rows="1000" Width="12"/>
        </dxl:Properties>
        <dxl:ProjList>
          <dxl:ProjElem ColId="0" Alias="r.a">
            <dxl:Ident ColId="0" ColName="r.a" TypeMdid="0.23.1.0"/>
          </dxl:ProjElem>
          <dxl:ProjElem ColId="1" Alias="r.b">
            <dxl:Ident ColId="1" ColName="r.b" TypeMdid="0.23.1.0"/>
          </dxl:ProjElem>
          <dxl:ProjElem ColId="2" Alias="t.e">
            <dxl:Ident ColId="2" ColName="t.e" TypeMdid="0.23.1.0"/>
          </dxl:ProjElem>
          <dxl:ProjElem ColId="3" Alias="t.f">
            <dxl:Ident ColId="3" ColName="t.f" TypeMdid="0.23.1.0"/>
          </dxl:ProjElem>
        </dxl:ProjList>
        <dxl:Filter/>
        <dxl:JoinFilter>
          <dxl:ConstValue TypeMdid="0.16.1.0" Value="true"/>
        </dxl:JoinFilter>
        <dxl:TableScan>
          <dxl:Properties>
            <dxl:Cost StartupCost="10" TotalCost="100" Rows="1000" Width="12"/>
          </dxl:Properties>
          <dxl:ProjList>
            <dxl:ProjElem ColId="0" Alias="r.a">
              <dxl:Ident ColId="0" ColName="r.a" TypeMdid="0.23.1.0"/>
            </dxl:ProjElem>
            <dxl:ProjElem ColId="1" Alias="r.b">
              <dxl:Ident ColId="1" ColName="r.b" TypeMdid="0.23.1.0"/>
            </dxl:ProjElem>
          </dxl:ProjList>
          <dxl:Filter/>
          <dxl:TableDescriptor Mdid="0.18452.1.1" TableName="r">
            <dxl:Columns>
              <dxl:Column ColId="0" Attno="1" ColName="a" TypeMdid="0.23.1.0"/>
              <dxl:Column ColId="1" Attno="2" ColName="b" TypeMdid="0.23.1.0"/>
            </dxl:Columns>
          </dxl:TableDescriptor>
        </dxl:TableScan>
        <dxl:TableScan>
          <dxl:Properties>
            <dxl:Cost StartupCost="10" TotalCost="100" Rows="1000" Width="12"/>
          </dxl:Properties>
          <dxl:ProjList>
            <dxl:ProjElem ColId="2" Alias="t.e">
              <dxl:Ident ColId="2" ColName="t.e" TypeMdid="0.23.1.0"/>
            </dxl:ProjElem>
            <dxl:ProjElem ColId="3" Alias="t.f">
              <dxl:Ident ColId="3" ColName="t.f" TypeMdid="0.23.1.0"/>
            </dxl:ProjElem>
          </dxl:ProjList>
          <dxl:Filter/>
          <dxl:TableDescriptor Mdid="0.17136.1.1" TableName="t">
            <dxl:Columns>
              <dxl:Column ColId="2" Attno="1" ColName="e" TypeMdid="0.23.1.0"/>
              <dxl:Column ColId="3" Attno="2" ColName="f" TypeMdid="0.23.1.0"/>
            </dxl:Columns>
          </dxl:TableDescriptor>
        </dxl:TableScan>
      </dxl:NestedLoopJoin>
    </dxl:Result>
  </dxl:Plan>
</dxl:DXLMessage>
