<?xml version="1.0" encoding="UTF-8"?>
<dxl:DXLMessage xmlns:dxl="http://greenplum.com/dxl/2010/12/">
  <dxl:Metadata SystemIds="0.GPDB">
    <dxl:Type Mdid="0.16.1.0" Name="bool" IsRedistributable="true" IsHashable="true" IsMergeJoinable="true" IsFixedLength="true" Length="1" PassByValue="true">
      <dxl:EqualityOp Mdid="0.91.1.0"/>
      <dxl:InequalityOp Mdid="0.85.1.0"/>
      <dxl:LessThanOp Mdid="0.58.1.0"/>
      <dxl:LessThanEqualsOp Mdid="0.1694.1.0"/>
      <dxl:GreaterThanOp Mdid="0.59.1.0"/>
      <dxl:GreaterThanEqualsOp Mdid="0.1695.1.0"/>
      <dxl:ComparisonOp Mdid="0.1693.1.0"/>
      <dxl:ArrayType Mdid="0.1000.1.0"/>
      <dxl:MinAgg Mdid="0.0.0.0"/>
      <dxl:MaxAgg Mdid="0.0.0.0"/>
      <dxl:AvgAgg Mdid="0.0.0.0"/>
      <dxl:SumAgg Mdid="0.0.0.0"/>
      <dxl:CountAgg Mdid="0.2147.1.0"/>
    </dxl:Type>
  </dxl:Metadata>
  <dxl:Plan>
    <dxl:DMLInsert Columns="1,2" ActionCol="3" OidCol="4" CtidCol="0" SegmentIdCol="0">
      <dxl:Properties>
        <dxl:Cost StartupCost="0" TotalCost="100.000000" Rows="1000.000000" Width="1"/>
      </dxl:Properties>
      <dxl:DirectDispatchInfo/>
      <dxl:ProjList>
        <dxl:ProjElem ColId="1" Alias="a">
          <dxl:Ident ColId="1" ColName="a" TypeMdid="0.23.1.0"/>
        </dxl:ProjElem>
        <dxl:ProjElem ColId="2" Alias="b">
          <dxl:Ident ColId="2" ColName="b" TypeMdid="0.23.1.0"/>
        </dxl:ProjElem>
      </dxl:ProjList>
      <dxl:TableDescriptor Mdid="0.25064.1.0" TableName="pp">
        <dxl:Columns>
          <dxl:Column ColId="5" Attno="1" ColName="a" TypeMdid="0.23.1.0"/>
          <dxl:Column ColId="6" Attno="2" ColName="b" TypeMdid="0.23.1.0"/>
          <dxl:Column ColId="7" Attno="-1" ColName="ctid" TypeMdid="0.27.1.0"/>
          <dxl:Column ColId="8" Attno="-3" ColName="xmin" TypeMdid="0.28.1.0"/>
          <dxl:Column ColId="9" Attno="-4" ColName="cmin" TypeMdid="0.29.1.0"/>
          <dxl:Column ColId="10" Attno="-5" ColName="xmax" TypeMdid="0.28.1.0"/>
          <dxl:Column ColId="11" Attno="-6" ColName="cmax" TypeMdid="0.29.1.0"/>
          <dxl:Column ColId="12" Attno="-7" ColName="tableoid" TypeMdid="0.26.1.0"/>
          <dxl:Column ColId="13" Attno="-8" ColName="gp_segment_id" TypeMdid="0.23.1.0"/>
        </dxl:Columns>
      </dxl:TableDescriptor>
      <dxl:Result>
        <dxl:Properties>
          <dxl:Cost StartupCost="0" TotalCost="105.906250" Rows="1000.000000" Width="32"/>
        </dxl:Properties>
        <dxl:ProjList>
          <dxl:ProjElem ColId="1" Alias="a">
            <dxl:Ident ColId="1" ColName="a" TypeMdid="0.23.1.0"/>
          </dxl:ProjElem>
          <dxl:ProjElem ColId="2" Alias="b">
            <dxl:Ident ColId="2" ColName="b" TypeMdid="0.23.1.0"/>
          </dxl:ProjElem>
          <dxl:ProjElem ColId="3" Alias="ColRef_0003">
            <dxl:ConstValue TypeMdid="0.23.1.0" Value="0"/>
          </dxl:ProjElem>
          <dxl:ProjElem ColId="4" Alias="ColRef_0004">
            <dxl:FuncExpr FuncId="0.387972.1.0" FuncRetSet="false" TypeMdid="0.26.1.0">
              <dxl:ConstValue TypeMdid="0.26.1.0" Value="25064"/>
              <dxl:Ident ColId="1" ColName="a" TypeMdid="0.23.1.0"/>
            </dxl:FuncExpr>
          </dxl:ProjElem>
        </dxl:ProjList>
        <dxl:Filter/>
        <dxl:OneTimeFilter/>
        <dxl:Result>
          <dxl:Properties>
            <dxl:Cost StartupCost="0" TotalCost="102.953125" Rows="1000.000000" Width="16"/>
          </dxl:Properties>
          <dxl:ProjList>
            <dxl:ProjElem ColId="1" Alias="a">
              <dxl:ConstValue TypeMdid="0.23.1.0" Value="1"/>
            </dxl:ProjElem>
            <dxl:ProjElem ColId="2" Alias="b">
              <dxl:ConstValue TypeMdid="0.23.1.0" Value="6"/>
            </dxl:ProjElem>
          </dxl:ProjList>
          <dxl:Filter/>
          <dxl:OneTimeFilter/>
          <dxl:Result>
            <dxl:Properties>
              <dxl:Cost StartupCost="0" TotalCost="100.000000" Rows="1000.000000" Width="1"/>
            </dxl:Properties>
            <dxl:ProjList>
              <dxl:ProjElem ColId="0" Alias="">
                <dxl:ConstValue TypeMdid="0.16.1.0" Value="true"/>
              </dxl:ProjElem>
            </dxl:ProjList>
            <dxl:Filter/>
            <dxl:OneTimeFilter/>
          </dxl:Result>
        </dxl:Result>
      </dxl:Result>
    </dxl:DMLInsert>
  </dxl:Plan>
</dxl:DXLMessage>
