<?xml version="1.0" encoding="UTF-8"?>
<dxl:DXLMessage xmlns:dxl="http://greenplum.com/dxl/2010/12/">
  <!--
SQL:
 create table t1(a int, b int) distributed by (a);
 create table t2(a int, b int) distributed by (a);
 
CREATE FUNCTION func1(i integer, j integer) RETURNS bool
AS $$
        BEGIN
                RETURN i + j;
        END;
$$ LANGUAGE plpgsql
   IMMUTABLE
    RETURNS NULL ON NULL INPUT;
    
CREATE FUNCTION func2(i integer, j integer) RETURNS bool
AS $$
        BEGIN
                RETURN i + j;
        END;
$$ LANGUAGE plpgsql
   IMMUTABLE
    RETURNS NULL ON NULL INPUT;
    
        
CREATE FUNCTION func3(i integer, j integer) RETURNS bool
AS $$
        BEGIN
                RETURN i + j;
        END;
$$ LANGUAGE plpgsql  
IMMUTABLE;
 
 
[Must NOT convert LOJ to InnerJoin]

SELECT * 
FROM t1 LEFT OUTER JOIN t2 
USING (a)  
WHERE func1(t1.a,t1.b) <> func2(func3(t2.a,t2.b)::int,t1.a);
-->
  <dxl:Thread Id="0">
    <dxl:OptimizerConfig>
      <dxl:EnumeratorConfig Id="0" PlanSamples="0" CostThreshold="0"/>
      <dxl:StatisticsConfig DampingFactorFilter="0.750000" DampingFactorJoin="0.010000" DampingFactorGroupBy="0.750000"/>
      <dxl:CTEConfig CTEInliningCutoff="0"/> 
      <dxl:WindowOids RowNumber="7000" Rank="7001"/>
      <dxl:CostModelConfig CostModelType="1" SegmentsForCosting="2">
        <dxl:CostParams>
          <dxl:CostParam Name="NLJFactor" Value="1.000000" LowerBound="0.500000" UpperBound="1.500000"/>
        </dxl:CostParams>
      </dxl:CostModelConfig>
      <dxl:TraceFlags Value="102120,103001,103014,103015,103022,103023,105000"/>
    </dxl:OptimizerConfig>
    <dxl:Metadata SystemIds="0.GPDB">
      <dxl:Relation Mdid="0.44875465.1.1" Name="t1" IsTemporary="false" HasOids="false" StorageType="Heap" DistributionPolicy="Hash" DistributionColumns="0" Keys="8,2">
        <dxl:Columns>
          <dxl:Column Name="a" Attno="1" Mdid="0.23.1.0" Nullable="true" ColWidth="4">
            <dxl:DefaultValue/>
          </dxl:Column>
          <dxl:Column Name="b" Attno="2" Mdid="0.23.1.0" Nullable="true" ColWidth="4">
            <dxl:DefaultValue/>
          </dxl:Column>
          <dxl:Column Name="ctid" Attno="-1" Mdid="0.27.1.0" Nullable="false" ColWidth="6">
            <dxl:DefaultValue/>
          </dxl:Column>
          <dxl:Column Name="xmin" Attno="-3" Mdid="0.28.1.0" Nullable="false" ColWidth="4">
            <dxl:DefaultValue/>
          </dxl:Column>
          <dxl:Column Name="cmin" Attno="-4" Mdid="0.29.1.0" Nullable="false" ColWidth="4">
            <dxl:DefaultValue/>
          </dxl:Column>
          <dxl:Column Name="xmax" Attno="-5" Mdid="0.28.1.0" Nullable="false" ColWidth="4">
            <dxl:DefaultValue/>
          </dxl:Column>
          <dxl:Column Name="cmax" Attno="-6" Mdid="0.29.1.0" Nullable="false" ColWidth="4">
            <dxl:DefaultValue/>
          </dxl:Column>
          <dxl:Column Name="tableoid" Attno="-7" Mdid="0.26.1.0" Nullable="false" ColWidth="4">
            <dxl:DefaultValue/>
          </dxl:Column>
          <dxl:Column Name="gp_segment_id" Attno="-8" Mdid="0.23.1.0" Nullable="false" ColWidth="4">
            <dxl:DefaultValue/>
          </dxl:Column>
        </dxl:Columns>
        <dxl:IndexInfoList/>
        <dxl:Triggers/>
        <dxl:CheckConstraints/>
      </dxl:Relation>
      <dxl:Type Mdid="0.16.1.0" Name="bool" IsRedistributable="true" IsHashable="true" IsMergeJoinable="true" IsComposite="false" IsFixedLength="true" Length="1" PassByValue="true">
        <dxl:EqualityOp Mdid="0.91.1.0"/>
        <dxl:InequalityOp Mdid="0.85.1.0"/>
        <dxl:LessThanOp Mdid="0.58.1.0"/>
        <dxl:LessThanEqualsOp Mdid="0.1694.1.0"/>
        <dxl:GreaterThanOp Mdid="0.59.1.0"/>
        <dxl:GreaterThanEqualsOp Mdid="0.1695.1.0"/>
        <dxl:ComparisonOp Mdid="0.1693.1.0"/>
        <dxl:ArrayType Mdid="0.1000.1.0"/>
        <dxl:MinAgg Mdid="0.0.0.0"/>
        <dxl:MaxAgg Mdid="0.0.0.0"/>
        <dxl:AvgAgg Mdid="0.0.0.0"/>
        <dxl:SumAgg Mdid="0.0.0.0"/>
        <dxl:CountAgg Mdid="0.2147.1.0"/>
      </dxl:Type>
      <dxl:Type Mdid="0.23.1.0" Name="int4" IsRedistributable="true" IsHashable="true" IsMergeJoinable="true" IsComposite="false" IsFixedLength="true" Length="4" PassByValue="true">
        <dxl:EqualityOp Mdid="0.96.1.0"/>
        <dxl:InequalityOp Mdid="0.518.1.0"/>
        <dxl:LessThanOp Mdid="0.97.1.0"/>
        <dxl:LessThanEqualsOp Mdid="0.523.1.0"/>
        <dxl:GreaterThanOp Mdid="0.521.1.0"/>
        <dxl:GreaterThanEqualsOp Mdid="0.525.1.0"/>
        <dxl:ComparisonOp Mdid="0.351.1.0"/>
        <dxl:ArrayType Mdid="0.1007.1.0"/>
        <dxl:MinAgg Mdid="0.2132.1.0"/>
        <dxl:MaxAgg Mdid="0.2116.1.0"/>
        <dxl:AvgAgg Mdid="0.2101.1.0"/>
        <dxl:SumAgg Mdid="0.2108.1.0"/>
        <dxl:CountAgg Mdid="0.2147.1.0"/>
      </dxl:Type>
      <dxl:Type Mdid="0.26.1.0" Name="oid" IsRedistributable="true" IsHashable="true" IsMergeJoinable="true" IsComposite="false" IsFixedLength="true" Length="4" PassByValue="true">
        <dxl:EqualityOp Mdid="0.607.1.0"/>
        <dxl:InequalityOp Mdid="0.608.1.0"/>
        <dxl:LessThanOp Mdid="0.609.1.0"/>
        <dxl:LessThanEqualsOp Mdid="0.611.1.0"/>
        <dxl:GreaterThanOp Mdid="0.610.1.0"/>
        <dxl:GreaterThanEqualsOp Mdid="0.612.1.0"/>
        <dxl:ComparisonOp Mdid="0.356.1.0"/>
        <dxl:ArrayType Mdid="0.1028.1.0"/>
        <dxl:MinAgg Mdid="0.2118.1.0"/>
        <dxl:MaxAgg Mdid="0.2134.1.0"/>
        <dxl:AvgAgg Mdid="0.0.0.0"/>
        <dxl:SumAgg Mdid="0.0.0.0"/>
        <dxl:CountAgg Mdid="0.2147.1.0"/>
      </dxl:Type>
      <dxl:Type Mdid="0.27.1.0" Name="tid" IsRedistributable="true" IsHashable="false" IsMergeJoinable="false" IsComposite="false" IsFixedLength="true" Length="6" PassByValue="false">
        <dxl:EqualityOp Mdid="0.387.1.0"/>
        <dxl:InequalityOp Mdid="0.402.1.0"/>
        <dxl:LessThanOp Mdid="0.2799.1.0"/>
        <dxl:LessThanEqualsOp Mdid="0.2801.1.0"/>
        <dxl:GreaterThanOp Mdid="0.2800.1.0"/>
        <dxl:GreaterThanEqualsOp Mdid="0.2802.1.0"/>
        <dxl:ComparisonOp Mdid="0.2794.1.0"/>
        <dxl:ArrayType Mdid="0.1010.1.0"/>
        <dxl:MinAgg Mdid="0.2798.1.0"/>
        <dxl:MaxAgg Mdid="0.2797.1.0"/>
        <dxl:AvgAgg Mdid="0.0.0.0"/>
        <dxl:SumAgg Mdid="0.0.0.0"/>
        <dxl:CountAgg Mdid="0.2147.1.0"/>
      </dxl:Type>
      <dxl:Type Mdid="0.29.1.0" Name="cid" IsRedistributable="false" IsHashable="true" IsMergeJoinable="false" IsComposite="false" IsFixedLength="true" Length="4" PassByValue="true">
        <dxl:EqualityOp Mdid="0.385.1.0"/>
        <dxl:InequalityOp Mdid="0.0.0.0"/>
        <dxl:LessThanOp Mdid="0.0.0.0"/>
        <dxl:LessThanEqualsOp Mdid="0.0.0.0"/>
        <dxl:GreaterThanOp Mdid="0.0.0.0"/>
        <dxl:GreaterThanEqualsOp Mdid="0.0.0.0"/>
        <dxl:ComparisonOp Mdid="0.0.0.0"/>
        <dxl:ArrayType Mdid="0.1012.1.0"/>
        <dxl:MinAgg Mdid="0.0.0.0"/>
        <dxl:MaxAgg Mdid="0.0.0.0"/>
        <dxl:AvgAgg Mdid="0.0.0.0"/>
        <dxl:SumAgg Mdid="0.0.0.0"/>
        <dxl:CountAgg Mdid="0.2147.1.0"/>
      </dxl:Type>
      <dxl:Type Mdid="0.28.1.0" Name="xid" IsRedistributable="false" IsHashable="true" IsMergeJoinable="false" IsComposite="false" IsFixedLength="true" Length="4" PassByValue="true">
        <dxl:EqualityOp Mdid="0.352.1.0"/>
        <dxl:InequalityOp Mdid="0.0.0.0"/>
        <dxl:LessThanOp Mdid="0.0.0.0"/>
        <dxl:LessThanEqualsOp Mdid="0.0.0.0"/>
        <dxl:GreaterThanOp Mdid="0.0.0.0"/>
        <dxl:GreaterThanEqualsOp Mdid="0.0.0.0"/>
        <dxl:ComparisonOp Mdid="0.0.0.0"/>
        <dxl:ArrayType Mdid="0.1011.1.0"/>
        <dxl:MinAgg Mdid="0.0.0.0"/>
        <dxl:MaxAgg Mdid="0.0.0.0"/>
        <dxl:AvgAgg Mdid="0.0.0.0"/>
        <dxl:SumAgg Mdid="0.0.0.0"/>
        <dxl:CountAgg Mdid="0.2147.1.0"/>
      </dxl:Type>
      <dxl:GPDBScalarOp Mdid="0.85.1.0" Name="&lt;&gt;" ComparisonType="NEq" ReturnsNullOnNullInput="true">
        <dxl:LeftType Mdid="0.16.1.0"/>
        <dxl:RightType Mdid="0.16.1.0"/>
        <dxl:ResultType Mdid="0.16.1.0"/>
        <dxl:OpFunc Mdid="0.84.1.0"/>
        <dxl:Commutator Mdid="0.85.1.0"/>
        <dxl:InverseOp Mdid="0.91.1.0"/>
      </dxl:GPDBScalarOp>
      <dxl:GPDBScalarOp Mdid="0.96.1.0" Name="=" ComparisonType="Eq" ReturnsNullOnNullInput="true">
        <dxl:LeftType Mdid="0.23.1.0"/>
        <dxl:RightType Mdid="0.23.1.0"/>
        <dxl:ResultType Mdid="0.16.1.0"/>
        <dxl:OpFunc Mdid="0.65.1.0"/>
        <dxl:Commutator Mdid="0.96.1.0"/>
        <dxl:InverseOp Mdid="0.518.1.0"/>
        <dxl:Opfamilies>
          <dxl:Opfamily Mdid="0.1978.1.0"/>
          <dxl:Opfamily Mdid="0.1979.1.0"/>
          <dxl:Opfamily Mdid="0.3027.1.0"/>
        </dxl:Opfamilies>
      </dxl:GPDBScalarOp>
      <dxl:GPDBFunc Mdid="0.46079653.1.0" Name="func2" ReturnsSet="false" Stability="Immutable" DataAccess="NoSQL" IsStrict="true">
        <dxl:ResultType Mdid="0.16.1.0"/>
      </dxl:GPDBFunc>
      <dxl:GPDBFunc Mdid="0.46079652.1.0" Name="func1" ReturnsSet="false" Stability="Immutable" DataAccess="NoSQL" IsStrict="true">
        <dxl:ResultType Mdid="0.16.1.0"/>
      </dxl:GPDBFunc>
      <dxl:GPDBFunc Mdid="0.46079654.1.0" Name="func3" ReturnsSet="false" Stability="Immutable" DataAccess="NoSQL" IsStrict="false">
        <dxl:ResultType Mdid="0.16.1.0"/>
      </dxl:GPDBFunc>
      <dxl:Relation Mdid="0.2868145.1.1" Name="t2" IsTemporary="false" HasOids="false" StorageType="Heap" DistributionPolicy="Hash" DistributionColumns="0" Keys="8,2">
        <dxl:Columns>
          <dxl:Column Name="a" Attno="1" Mdid="0.23.1.0" Nullable="true" ColWidth="4">
            <dxl:DefaultValue/>
          </dxl:Column>
          <dxl:Column Name="b" Attno="2" Mdid="0.23.1.0" Nullable="true" ColWidth="4">
            <dxl:DefaultValue/>
          </dxl:Column>
          <dxl:Column Name="ctid" Attno="-1" Mdid="0.27.1.0" Nullable="false" ColWidth="6">
            <dxl:DefaultValue/>
          </dxl:Column>
          <dxl:Column Name="xmin" Attno="-3" Mdid="0.28.1.0" Nullable="false" ColWidth="4">
            <dxl:DefaultValue/>
          </dxl:Column>
          <dxl:Column Name="cmin" Attno="-4" Mdid="0.29.1.0" Nullable="false" ColWidth="4">
            <dxl:DefaultValue/>
          </dxl:Column>
          <dxl:Column Name="xmax" Attno="-5" Mdid="0.28.1.0" Nullable="false" ColWidth="4">
            <dxl:DefaultValue/>
          </dxl:Column>
          <dxl:Column Name="cmax" Attno="-6" Mdid="0.29.1.0" Nullable="false" ColWidth="4">
            <dxl:DefaultValue/>
          </dxl:Column>
          <dxl:Column Name="tableoid" Attno="-7" Mdid="0.26.1.0" Nullable="false" ColWidth="4">
            <dxl:DefaultValue/>
          </dxl:Column>
          <dxl:Column Name="gp_segment_id" Attno="-8" Mdid="0.23.1.0" Nullable="false" ColWidth="4">
            <dxl:DefaultValue/>
          </dxl:Column>
        </dxl:Columns>
        <dxl:IndexInfoList/>
        <dxl:Triggers/>
        <dxl:CheckConstraints/>
      </dxl:Relation>
      <dxl:GPDBFunc Mdid="0.2558.1.0" Name="int4" ReturnsSet="false" Stability="Immutable" DataAccess="NoSQL" IsStrict="true">
        <dxl:ResultType Mdid="0.23.1.0"/>
      </dxl:GPDBFunc>
    </dxl:Metadata>
    <dxl:Query>
      <dxl:OutputColumns>
        <dxl:Ident ColId="1" ColName="a" TypeMdid="0.23.1.0"/>
        <dxl:Ident ColId="2" ColName="b" TypeMdid="0.23.1.0"/>
        <dxl:Ident ColId="11" ColName="b" TypeMdid="0.23.1.0"/>
      </dxl:OutputColumns>
      <dxl:CTEList/>
      <dxl:LogicalSelect>
        <dxl:Comparison ComparisonOperator="&lt;&gt;" OperatorMdid="0.85.1.0">
          <dxl:FuncExpr FuncId="0.46079652.1.0" FuncRetSet="false" TypeMdid="0.16.1.0">
            <dxl:Ident ColId="1" ColName="a" TypeMdid="0.23.1.0"/>
            <dxl:Ident ColId="2" ColName="b" TypeMdid="0.23.1.0"/>
          </dxl:FuncExpr>
          <dxl:FuncExpr FuncId="0.46079653.1.0" FuncRetSet="false" TypeMdid="0.16.1.0">
            <dxl:FuncExpr FuncId="0.2558.1.0" FuncRetSet="false" TypeMdid="0.23.1.0">
              <dxl:FuncExpr FuncId="0.46079654.1.0" FuncRetSet="false" TypeMdid="0.16.1.0">
                <dxl:Ident ColId="10" ColName="a" TypeMdid="0.23.1.0"/>
                <dxl:Ident ColId="11" ColName="b" TypeMdid="0.23.1.0"/>
              </dxl:FuncExpr>
            </dxl:FuncExpr>
            <dxl:Ident ColId="1" ColName="a" TypeMdid="0.23.1.0"/>
          </dxl:FuncExpr>
        </dxl:Comparison>
        <dxl:LogicalJoin JoinType="Left">
          <dxl:LogicalGet>
            <dxl:TableDescriptor Mdid="0.44875465.1.1" TableName="t1">
              <dxl:Columns>
                <dxl:Column ColId="1" Attno="1" ColName="a" TypeMdid="0.23.1.0"/>
                <dxl:Column ColId="2" Attno="2" ColName="b" TypeMdid="0.23.1.0"/>
                <dxl:Column ColId="3" Attno="-1" ColName="ctid" TypeMdid="0.27.1.0"/>
                <dxl:Column ColId="4" Attno="-3" ColName="xmin" TypeMdid="0.28.1.0"/>
                <dxl:Column ColId="5" Attno="-4" ColName="cmin" TypeMdid="0.29.1.0"/>
                <dxl:Column ColId="6" Attno="-5" ColName="xmax" TypeMdid="0.28.1.0"/>
                <dxl:Column ColId="7" Attno="-6" ColName="cmax" TypeMdid="0.29.1.0"/>
                <dxl:Column ColId="8" Attno="-7" ColName="tableoid" TypeMdid="0.26.1.0"/>
                <dxl:Column ColId="9" Attno="-8" ColName="gp_segment_id" TypeMdid="0.23.1.0"/>
              </dxl:Columns>
            </dxl:TableDescriptor>
          </dxl:LogicalGet>
          <dxl:LogicalGet>
            <dxl:TableDescriptor Mdid="0.2868145.1.1" TableName="t2">
              <dxl:Columns>
                <dxl:Column ColId="10" Attno="1" ColName="a" TypeMdid="0.23.1.0"/>
                <dxl:Column ColId="11" Attno="2" ColName="b" TypeMdid="0.23.1.0"/>
                <dxl:Column ColId="12" Attno="-1" ColName="ctid" TypeMdid="0.27.1.0"/>
                <dxl:Column ColId="13" Attno="-3" ColName="xmin" TypeMdid="0.28.1.0"/>
                <dxl:Column ColId="14" Attno="-4" ColName="cmin" TypeMdid="0.29.1.0"/>
                <dxl:Column ColId="15" Attno="-5" ColName="xmax" TypeMdid="0.28.1.0"/>
                <dxl:Column ColId="16" Attno="-6" ColName="cmax" TypeMdid="0.29.1.0"/>
                <dxl:Column ColId="17" Attno="-7" ColName="tableoid" TypeMdid="0.26.1.0"/>
                <dxl:Column ColId="18" Attno="-8" ColName="gp_segment_id" TypeMdid="0.23.1.0"/>
              </dxl:Columns>
            </dxl:TableDescriptor>
          </dxl:LogicalGet>
          <dxl:Comparison ComparisonOperator="=" OperatorMdid="0.96.1.0">
            <dxl:Ident ColId="1" ColName="a" TypeMdid="0.23.1.0"/>
            <dxl:Ident ColId="10" ColName="a" TypeMdid="0.23.1.0"/>
          </dxl:Comparison>
        </dxl:LogicalJoin>
      </dxl:LogicalSelect>
    </dxl:Query>
  </dxl:Thread>
</dxl:DXLMessage>
