<?xml version="1.0" encoding="UTF-8"?>
<dxl:DXLMessage xmlns:dxl="http://greenplum.com/dxl/2010/12/">
  <dxl:Plan>
    <dxl:GatherMotion InputSegments="0,1" OutputSegments="-1">
      <dxl:Properties>
        <dxl:Cost StartupCost="10" TotalCost="100" Rows="1000" Width="12"/>
      </dxl:Properties>
      <dxl:ProjList>
        <dxl:ProjElem ColId="249" Alias="t.t1">
          <dxl:Ident ColId="249" ColName="t.t1" TypeMdid="0.23.1.0"/>
        </dxl:ProjElem>
        <dxl:ProjElem ColId="250" Alias="t.t2">
          <dxl:Ident ColId="250" ColName="t.t2" TypeMdid="0.23.1.0"/>
        </dxl:ProjElem>
        <dxl:ProjElem ColId="251" Alias="t.t3">
          <dxl:Ident ColId="251" ColName="t.t3" TypeMdid="0.23.1.0"/>
        </dxl:ProjElem>
      </dxl:ProjList>
      <dxl:Filter/>
      <dxl:SortingColumnList/>
      <dxl:NestedLoopJoin JoinType="LeftAntiSemiJoin">
        <dxl:Properties>
          <dxl:Cost StartupCost="10" TotalCost="100" Rows="1000" Width="12"/>
        </dxl:Properties>
        <dxl:ProjList>
          <dxl:ProjElem ColId="249" Alias="t.t1">
            <dxl:Ident ColId="249" ColName="t.t1" TypeMdid="0.23.1.0"/>
          </dxl:ProjElem>
          <dxl:ProjElem ColId="250" Alias="t.t2">
            <dxl:Ident ColId="250" ColName="t.t2" TypeMdid="0.23.1.0"/>
          </dxl:ProjElem>
          <dxl:ProjElem ColId="251" Alias="t.t3">
            <dxl:Ident ColId="251" ColName="t.t3" TypeMdid="0.23.1.0"/>
          </dxl:ProjElem>
        </dxl:ProjList>
        <dxl:Filter/>
        <dxl:JoinFilter>
          <dxl:IsDistinctFrom OperatorMdid="0.91.1.0">
            <dxl:Comparison ComparisonOperator="=" OperatorMdid="0.96.1.0">
              <dxl:Ident ColId="249" ColName="t.t1" TypeMdid="0.23.1.0"/>
              <dxl:Ident ColId="259" ColName="s.s1" TypeMdid="0.23.1.0"/>
            </dxl:Comparison>
            <dxl:ConstValue TypeMdid="0.16.1.0" ConstNull="false" ConstByValue="true" Value="AA=="/>
          </dxl:IsDistinctFrom>
        </dxl:JoinFilter>
        <dxl:TableScan>
          <dxl:Properties>
            <dxl:Cost StartupCost="10" TotalCost="100" Rows="12" Width="12"/>
          </dxl:Properties>
          <dxl:ProjList>
            <dxl:ProjElem ColId="249" Alias="t.t1">
              <dxl:Ident ColId="249" ColName="t.t1" TypeMdid="0.23.1.0"/>
            </dxl:ProjElem>
            <dxl:ProjElem ColId="250" Alias="t.t2">
              <dxl:Ident ColId="250" ColName="t.t2" TypeMdid="0.23.1.0"/>
            </dxl:ProjElem>
            <dxl:ProjElem ColId="251" Alias="t.t3">
              <dxl:Ident ColId="251" ColName="t.t3" TypeMdid="0.23.1.0"/>
            </dxl:ProjElem>
          </dxl:ProjList>
          <dxl:Filter>
            <dxl:Not>
              <dxl:IsNull>
                <dxl:Ident ColId="249" ColName="t.t1" TypeMdid="0.23.1.0"/>
              </dxl:IsNull>
            </dxl:Not>
          </dxl:Filter>
          <dxl:TableDescriptor Mdid="0.899686.1.1" TableName="t">
            <dxl:Columns>
              <dxl:Column ColId="249" Attno="1" ColName="t1" TypeMdid="0.23.1.0"/>
              <dxl:Column ColId="250" Attno="2" ColName="t2" TypeMdid="0.23.1.0"/>
              <dxl:Column ColId="251" Attno="3" ColName="t3" TypeMdid="0.23.1.0"/>
              <dxl:Column ColId="252" Attno="-1" ColName="ctid" TypeMdid="0.27.1.0"/>
              <dxl:Column ColId="253" Attno="-3" ColName="xmin" TypeMdid="0.28.1.0"/>
              <dxl:Column ColId="254" Attno="-4" ColName="cmin" TypeMdid="0.29.1.0"/>
              <dxl:Column ColId="255" Attno="-5" ColName="xmax" TypeMdid="0.28.1.0"/>
              <dxl:Column ColId="256" Attno="-6" ColName="cmax" TypeMdid="0.29.1.0"/>
              <dxl:Column ColId="257" Attno="-7" ColName="tableoid" TypeMdid="0.26.1.0"/>
              <dxl:Column ColId="258" Attno="-8" ColName="gp_segment_id" TypeMdid="0.23.1.0"/>
            </dxl:Columns>
          </dxl:TableDescriptor>
        </dxl:TableScan>
        <dxl:Materialize Eager="false">
          <dxl:Properties>
            <dxl:Cost StartupCost="10" TotalCost="100" Rows="12" Width="12"/>
          </dxl:Properties>
          <dxl:ProjList>
            <dxl:ProjElem ColId="259" Alias="s.s1">
              <dxl:Ident ColId="259" ColName="s.s1" TypeMdid="0.23.1.0"/>
            </dxl:ProjElem>
          </dxl:ProjList>
          <dxl:Filter/>
          <dxl:BroadcastMotion InputSegments="0,1" OutputSegments="0,1">
            <dxl:Properties>
              <dxl:Cost StartupCost="10" TotalCost="100" Rows="12" Width="12"/>
            </dxl:Properties>
            <dxl:ProjList>
              <dxl:ProjElem ColId="259" Alias="s.s1">
                <dxl:Ident ColId="259" ColName="s.s1" TypeMdid="0.23.1.0"/>
              </dxl:ProjElem>
            </dxl:ProjList>
            <dxl:Filter/>
            <dxl:SortingColumnList/>
            <dxl:TableScan>
              <dxl:Properties>
                <dxl:Cost StartupCost="10" TotalCost="100" Rows="12" Width="12"/>
              </dxl:Properties>
              <dxl:ProjList>
                <dxl:ProjElem ColId="259" Alias="s.s1">
                  <dxl:Ident ColId="259" ColName="s.s1" TypeMdid="0.23.1.0"/>
                </dxl:ProjElem>
              </dxl:ProjList>
              <dxl:Filter/>
              <dxl:TableDescriptor Mdid="0.899663.1.1" TableName="s">
                <dxl:Columns>
                  <dxl:Column ColId="259" Attno="1" ColName="s1" TypeMdid="0.23.1.0"/>
                  <dxl:Column ColId="260" Attno="2" ColName="s2" TypeMdid="0.23.1.0"/>
                  <dxl:Column ColId="261" Attno="3" ColName="s3" TypeMdid="0.23.1.0"/>
                  <dxl:Column ColId="262" Attno="-1" ColName="ctid" TypeMdid="0.27.1.0"/>
                  <dxl:Column ColId="263" Attno="-3" ColName="xmin" TypeMdid="0.28.1.0"/>
                  <dxl:Column ColId="264" Attno="-4" ColName="cmin" TypeMdid="0.29.1.0"/>
                  <dxl:Column ColId="265" Attno="-5" ColName="xmax" TypeMdid="0.28.1.0"/>
                  <dxl:Column ColId="266" Attno="-6" ColName="cmax" TypeMdid="0.29.1.0"/>
                  <dxl:Column ColId="267" Attno="-7" ColName="tableoid" TypeMdid="0.26.1.0"/>
                  <dxl:Column ColId="268" Attno="-8" ColName="gp_segment_id" TypeMdid="0.23.1.0"/>
                </dxl:Columns>
              </dxl:TableDescriptor>
            </dxl:TableScan>
          </dxl:BroadcastMotion>
        </dxl:Materialize>
      </dxl:NestedLoopJoin>
    </dxl:GatherMotion>
  </dxl:Plan>
</dxl:DXLMessage>
