<?xml version="1.0" encoding="UTF-8"?>
<dxl:DXLMessage xmlns:dxl="http://greenplum.com/dxl/2010/12/">
  <dxl:Plan>
    <dxl:Result>
      <dxl:Properties>
        <dxl:Cost StartupCost="10" TotalCost="100" Rows="1000" Width="12"/>
      </dxl:Properties>
      <dxl:ProjList>
        <dxl:ProjElem ColId="2" Alias="c">
          <dxl:OpExpr OperatorName="+" OperatorMdid="551" OperatorFuncMdid="177">
            <dxl:Ident ColId="0" ColName="r.a" TypeMdid="0.23.1.0"/>
            <dxl:Ident ColId="1" ColName="r.b" TypeMdid="0.23.1.0"/>
          </dxl:OpExpr>
        </dxl:ProjElem>
      </dxl:ProjList>
      <dxl:Filter/>
      <dxl:OneTimeFilter/>
      <dxl:TableScan>
        <dxl:Properties>
          <dxl:Cost StartupCost="10" TotalCost="100" Rows="1000" Width="12"/>
        </dxl:Properties>
        <dxl:ProjList>
          <dxl:ProjElem ColId="0" Alias="r.a">
            <dxl:Ident ColId="0" ColName="r.a" TypeMdid="0.23.1.0"/>
          </dxl:ProjElem>
          <dxl:ProjElem ColId="1" Alias="r.b">
            <dxl:Ident ColId="1" ColName="r.b" TypeMdid="0.23.1.0"/>
          </dxl:ProjElem>
        </dxl:ProjList>
        <dxl:Filter/>
        <dxl:TableDescriptor Mdid="0.18452.1.1" TableName="r">
          <dxl:Columns>
            <dxl:Column ColId="0" Attno="1" ColName="a" TypeMdid="0.23.1.0"/>
            <dxl:Column ColId="1" Attno="2" ColName="b" TypeMdid="0.23.1.0"/>
          </dxl:Columns>
        </dxl:TableDescriptor>
      </dxl:TableScan>
    </dxl:Result>
  </dxl:Plan>
</dxl:DXLMessage>
