<?xml version="1.0" encoding="UTF-8"?>
<dxl:DXLMessage xmlns:dxl="http://greenplum.com/dxl/2010/12/">
  <dxl:Query>
    <dxl:OutputColumns>
      <dxl:Ident ColId="1" ColName="a" TypeMdid="0.23.1.0"/>
      <dxl:Ident ColId="2" ColName="b" TypeMdid="0.23.1.0"/>
    </dxl:OutputColumns>
    <dxl:CTEList/>
    <dxl:LogicalSelect>
      <dxl:Comparison ComparisonOperator="=" OperatorMdid="0.96.1.0">
        <dxl:Ident ColId="1" ColName="a" TypeMdid="0.23.1.0"/>
        <dxl:ScalarSubquery ColId="5">
          <dxl:LogicalGroupBy>
            <dxl:GroupingColumns/>
            <dxl:ProjList>
              <dxl:ProjElem ColId="5" Alias="max">
                <dxl:AggFunc AggMdid="0.2116.1.0" AggDistinct="false" AggStage="Normal">
                  <dxl:Ident ColId="3" ColName="a" TypeMdid="0.23.1.0"/>
                </dxl:AggFunc>
              </dxl:ProjElem>
            </dxl:ProjList>
            <dxl:LogicalGet>
              <dxl:TableDescriptor Mdid="0.17140.1.1" TableName="r">
                <dxl:Columns>
                  <dxl:Column ColId="3" Attno="1" ColName="a" TypeMdid="0.23.1.0"/>
                  <dxl:Column ColId="4" Attno="2" ColName="b" TypeMdid="0.23.1.0"/>
                </dxl:Columns>
              </dxl:TableDescriptor>
            </dxl:LogicalGet>
          </dxl:LogicalGroupBy>
        </dxl:ScalarSubquery>
      </dxl:Comparison>
      <dxl:LogicalGet>
        <dxl:TableDescriptor Mdid="0.17140.1.1" TableName="r">
          <dxl:Columns>
            <dxl:Column ColId="1" Attno="1" ColName="a" TypeMdid="0.23.1.0"/>
            <dxl:Column ColId="2" Attno="2" ColName="b" TypeMdid="0.23.1.0"/>
          </dxl:Columns>
        </dxl:TableDescriptor>
      </dxl:LogicalGet>
    </dxl:LogicalSelect>
  </dxl:Query>
</dxl:DXLMessage>
