<?xml version="1.0" encoding="UTF-8"?>
<dxl:DXLMessage xmlns:dxl="http://greenplum.com/dxl/2010/12/">
  <dxl:Plan>
    <dxl:HashJoin JoinType="Inner">
      <dxl:Properties>
        <dxl:Cost StartupCost="10" TotalCost="100" Rows="12" Width="12"/>
      </dxl:Properties>
      <dxl:ProjList>
        <dxl:ProjElem ColId="0" Alias="r.a">
          <dxl:Ident ColId="0" ColName="r.a" TypeMdid="0.23.1.0"/>
        </dxl:ProjElem>
        <dxl:ProjElem ColId="1" Alias="r.b">
          <dxl:Ident ColId="1" ColName="r.b" TypeMdid="0.23.1.0"/>
        </dxl:ProjElem>
      </dxl:ProjList>
      <dxl:Filter/>
      <dxl:JoinFilter/>
      <dxl:HashCondList>
        <dxl:Comparison ComparisonOperator="=" OperatorMdid="0.96.1.0">
          <dxl:Ident ColId="4" ColName="max" TypeMdid="0.23.1.0"/>
          <dxl:Ident ColId="0" ColName="r.a" TypeMdid="0.23.1.0"/>
        </dxl:Comparison>
      </dxl:HashCondList>
      <dxl:Aggregate AggregationStrategy="Plain">
        <dxl:Properties>
          <dxl:Cost StartupCost="10" TotalCost="100" Rows="1" Width="12"/>
        </dxl:Properties>
        <dxl:GroupingColumns/>
        <dxl:ProjList>
          <dxl:ProjElem ColId="4" Alias="max">
            <dxl:AggFunc AggMdid="0.2116.1.0" AggDistinct="false" AggStage="Normal">
              <dxl:Ident ColId="2" ColName="r.a" TypeMdid="0.23.1.0"/>
            </dxl:AggFunc>
          </dxl:ProjElem>
        </dxl:ProjList>
        <dxl:Filter/>
        <dxl:TableScan>
          <dxl:Properties>
            <dxl:Cost StartupCost="10" TotalCost="100" Rows="12" Width="12"/>
          </dxl:Properties>
          <dxl:ProjList>
            <dxl:ProjElem ColId="2" Alias="r.a">
              <dxl:Ident ColId="2" ColName="r.a" TypeMdid="0.23.1.0"/>
            </dxl:ProjElem>
          </dxl:ProjList>
          <dxl:Filter/>
          <dxl:TableDescriptor Mdid="0.17140.1.1" TableName="r">
            <dxl:Columns>
              <dxl:Column ColId="2" Attno="1" ColName="a" TypeMdid="0.23.1.0"/>
              <dxl:Column ColId="3" Attno="2" ColName="b" TypeMdid="0.23.1.0"/>
            </dxl:Columns>
          </dxl:TableDescriptor>
        </dxl:TableScan>
      </dxl:Aggregate>
      <dxl:TableScan>
        <dxl:Properties>
          <dxl:Cost StartupCost="10" TotalCost="100" Rows="12" Width="12"/>
        </dxl:Properties>
        <dxl:ProjList>
          <dxl:ProjElem ColId="0" Alias="r.a">
            <dxl:Ident ColId="0" ColName="r.a" TypeMdid="0.23.1.0"/>
          </dxl:ProjElem>
          <dxl:ProjElem ColId="1" Alias="r.b">
            <dxl:Ident ColId="1" ColName="r.b" TypeMdid="0.23.1.0"/>
          </dxl:ProjElem>
        </dxl:ProjList>
        <dxl:Filter/>
        <dxl:TableDescriptor Mdid="0.17140.1.1" TableName="r">
          <dxl:Columns>
            <dxl:Column ColId="0" Attno="1" ColName="a" TypeMdid="0.23.1.0"/>
            <dxl:Column ColId="1" Attno="2" ColName="b" TypeMdid="0.23.1.0"/>
          </dxl:Columns>
        </dxl:TableDescriptor>
      </dxl:TableScan>
    </dxl:HashJoin>
  </dxl:Plan>
</dxl:DXLMessage>
