<?xml version="1.0" encoding="UTF-8"?>
<dxl:DXLMessage xmlns:dxl="http://greenplum.com/dxl/2010/12/">
  <dxl:Plan>
    <dxl:GatherMotion InputSegments="0,1" OutputSegments="-1">
      <dxl:Properties>
        <dxl:Cost StartupCost="10" TotalCost="100" Rows="0" Width="8"/>
      </dxl:Properties>
      <dxl:ProjList>
        <dxl:ProjElem ColId="10" Alias="case">
          <dxl:Ident ColId="10" ColName="case" TypeMdid="0.23.1.0"/>
        </dxl:ProjElem>
      </dxl:ProjList>
      <dxl:Filter/>
      <dxl:SortingColumnList/>
      <dxl:Result>
        <dxl:Properties>
          <dxl:Cost StartupCost="10" TotalCost="100" Rows="0" Width="8"/>
        </dxl:Properties>
        <dxl:ProjList>
          <dxl:ProjElem ColId="10" Alias="case">
            <dxl:Switch TypeMdid="0.23.1.0">
              <dxl:Ident ColId="0" ColName="t1" TypeMdid="0.23.1.0"/>
              <dxl:SwitchCase>
                <dxl:Not>
                  <dxl:IsDistinctFrom OperatorMdid="0.96.1.0">
                    <dxl:CaseTest TypeMdid="0.23.1.0"/>
                    <dxl:Ident ColId="1" ColName="t2" TypeMdid="0.23.1.0"/>
                  </dxl:IsDistinctFrom>
                </dxl:Not>
                <dxl:ConstValue TypeMdid="0.23.1.0" Value="10"/>
              </dxl:SwitchCase>
              <dxl:ConstValue TypeMdid="0.23.1.0" Value="15"/>
            </dxl:Switch>
          </dxl:ProjElem>
        </dxl:ProjList>
        <dxl:Filter/>
        <dxl:OneTimeFilter/>
        <dxl:TableScan>
          <dxl:Properties>
            <dxl:Cost StartupCost="10" TotalCost="100" Rows="0" Width="16"/>
          </dxl:Properties>
          <dxl:ProjList>
            <dxl:ProjElem ColId="0" Alias="t1">
              <dxl:Ident ColId="0" ColName="t1" TypeMdid="0.23.1.0"/>
            </dxl:ProjElem>
            <dxl:ProjElem ColId="1" Alias="t2">
              <dxl:Ident ColId="1" ColName="t2" TypeMdid="0.23.1.0"/>
            </dxl:ProjElem>
          </dxl:ProjList>
          <dxl:Filter/>
          <dxl:TableDescriptor Mdid="0.899686.1.1" TableName="t">
            <dxl:Columns>
              <dxl:Column ColId="0" Attno="1" ColName="t1" TypeMdid="0.23.1.0"/>
              <dxl:Column ColId="1" Attno="2" ColName="t2" TypeMdid="0.23.1.0"/>
              <dxl:Column ColId="2" Attno="3" ColName="t3" TypeMdid="0.23.1.0"/>
              <dxl:Column ColId="3" Attno="-1" ColName="ctid" TypeMdid="0.27.1.0"/>
              <dxl:Column ColId="4" Attno="-3" ColName="xmin" TypeMdid="0.28.1.0"/>
              <dxl:Column ColId="5" Attno="-4" ColName="cmin" TypeMdid="0.29.1.0"/>
              <dxl:Column ColId="6" Attno="-5" ColName="xmax" TypeMdid="0.28.1.0"/>
              <dxl:Column ColId="7" Attno="-6" ColName="cmax" TypeMdid="0.29.1.0"/>
              <dxl:Column ColId="8" Attno="-7" ColName="tableoid" TypeMdid="0.26.1.0"/>
              <dxl:Column ColId="9" Attno="-8" ColName="gp_segment_id" TypeMdid="0.23.1.0"/>
            </dxl:Columns>
          </dxl:TableDescriptor>
        </dxl:TableScan>
      </dxl:Result>
    </dxl:GatherMotion>
  </dxl:Plan>
</dxl:DXLMessage>
