<?xml version="1.0" encoding="UTF-8"?>
<dxl:DXLMessage xmlns:dxl="http://greenplum.com/dxl/2010/12/">
  <dxl:Query>
    <dxl:OutputColumns>
      <dxl:Ident ColId="1" ColName="a" TypeMdid="0.23.1.0"/>
      <dxl:Ident ColId="2" ColName="b" TypeMdid="0.23.1.0"/>
    </dxl:OutputColumns>
    <dxl:CTEList/>
    <dxl:LogicalGet>
      <dxl:TableDescriptor Mdid="0.1607030.1.1" TableName="r">
        <dxl:Columns>
          <dxl:Column ColId="1" Attno="1" ColName="a" TypeMdid="0.23.1.0"/>
          <dxl:Column ColId="2" Attno="2" ColName="b" TypeMdid="0.23.1.0"/>
        </dxl:Columns>
      </dxl:TableDescriptor>
    </dxl:LogicalGet>
  </dxl:Query>
</dxl:DXLMessage>
