<?xml version="1.0" encoding="UTF-8"?>
<dxl:DXLMessage xmlns:dxl="http://greenplum.com/dxl/2010/12/">
  <dxl:Query>
    <dxl:OutputColumns>
      <dxl:Ident ColId="1" ColName="generate_series" TypeMdid="0.23.1.0"/>
    </dxl:OutputColumns>
    <dxl:CTEList/>
    <dxl:LogicalTVF FuncId="0.1067.1.0" Name="generate_series" TypeMdid="0.23.1.0">
      <dxl:Columns>
        <dxl:Column ColId="1" Attno="1" ColName="generate_series" TypeMdid="0.23.1.0"/>
      </dxl:Columns>
      <dxl:ConstValue TypeMdid="0.23.1.0" Value="1"/>
      <dxl:ConstValue TypeMdid="0.23.1.0" Value="1"/>
    </dxl:LogicalTVF>
  </dxl:Query>
</dxl:DXLMessage>
