<?xml version="1.0" encoding="UTF-8"?>
<dxl:DXLMessage xmlns:dxl="http://greenplum.com/dxl/2010/12/">
  <dxl:Plan>
    <dxl:Result>
      <dxl:Properties>
        <dxl:Cost StartupCost="10" TotalCost="100" Rows="0" Width="16"/>
      </dxl:Properties>
      <dxl:ProjList>
        <dxl:ProjElem ColId="0" Alias="pk">
          <dxl:Ident ColId="0" ColName="pk" TypeMdid="0.23.1.0"/>
        </dxl:ProjElem>
        <dxl:ProjElem ColId="1" Alias="x">
          <dxl:Ident ColId="1" ColName="x" TypeMdid="0.23.1.0"/>
        </dxl:ProjElem>
      </dxl:ProjList>
      <dxl:Filter>
        <dxl:Comparison ComparisonOperator="=" OperatorMdid="0.96.1.0">
          <dxl:Ident ColId="0" ColName="pk" TypeMdid="0.23.1.0"/>
          <dxl:FuncExpr FuncId="0.74752.1.0" FuncRetSet="false" TypeMdid="0.23.1.0">
            <dxl:ConstValue TypeMdid="0.23.1.0" Value="10"/>
          </dxl:FuncExpr>
        </dxl:Comparison>
      </dxl:Filter>
      <dxl:OneTimeFilter/>
      <dxl:GatherMotion InputSegments="0,1" OutputSegments="-1">
        <dxl:Properties>
          <dxl:Cost StartupCost="10" TotalCost="100" Rows="0" Width="16"/>
        </dxl:Properties>
        <dxl:ProjList>
          <dxl:ProjElem ColId="0" Alias="pk">
            <dxl:Ident ColId="0" ColName="pk" TypeMdid="0.23.1.0"/>
          </dxl:ProjElem>
          <dxl:ProjElem ColId="1" Alias="x">
            <dxl:Ident ColId="1" ColName="x" TypeMdid="0.23.1.0"/>
          </dxl:ProjElem>
        </dxl:ProjList>
        <dxl:Filter/>
        <dxl:SortingColumnList/>
        <dxl:Sequence>
          <dxl:Properties>
            <dxl:Cost StartupCost="10" TotalCost="100" Rows="0" Width="16"/>
          </dxl:Properties>
          <dxl:ProjList>
            <dxl:ProjElem ColId="0" Alias="pk">
              <dxl:Ident ColId="0" ColName="pk" TypeMdid="0.23.1.0"/>
            </dxl:ProjElem>
            <dxl:ProjElem ColId="1" Alias="x">
              <dxl:Ident ColId="1" ColName="x" TypeMdid="0.23.1.0"/>
            </dxl:ProjElem>
          </dxl:ProjList>
          <dxl:Result>
            <dxl:Properties>
              <dxl:Cost StartupCost="10" TotalCost="100" Rows="100" Width="4"/>
            </dxl:Properties>
            <dxl:ProjList>
              <dxl:ProjElem ColId="10" Alias="gp_partition_propagation">
                <dxl:FuncExpr FuncId="0.17039.1.0" FuncRetSet="false" TypeMdid="0.2278.1.0">
                  <dxl:ConstValue TypeMdid="0.23.1.0" Value="15"/>
                  <dxl:Ident ColId="9" ColName="gp_partition_propagation" TypeMdid="0.26.1.0"/>
                </dxl:FuncExpr>
              </dxl:ProjElem>
            </dxl:ProjList>
            <dxl:Filter/>
            <dxl:OneTimeFilter/>
            <dxl:TableValuedFunction FuncId="0.17041.1.0" Name="gp_partition_expansion">
              <dxl:Properties>
                <dxl:Cost StartupCost="10" TotalCost="100" Rows="100" Width="4"/>
              </dxl:Properties>
              <dxl:ProjList>
                <dxl:ProjElem ColId="9" Alias="gp_partition_expansion">
                  <dxl:Ident ColId="9" ColName="gp_partition_expansion" TypeMdid="0.26.1.0"/>
                </dxl:ProjElem>
              </dxl:ProjList>
              <dxl:ConstValue TypeMdid="0.26.1.0" Value="74764"/>
            </dxl:TableValuedFunction>
          </dxl:Result>
          <dxl:DynamicTableScan PartIndexId="0">
            <dxl:Properties>
              <dxl:Cost StartupCost="10" TotalCost="100" Rows="0" Width="16"/>
            </dxl:Properties>
            <dxl:ProjList>
              <dxl:ProjElem ColId="0" Alias="pk">
                <dxl:Ident ColId="0" ColName="pk" TypeMdid="0.23.1.0"/>
              </dxl:ProjElem>
              <dxl:ProjElem ColId="1" Alias="x">
                <dxl:Ident ColId="1" ColName="x" TypeMdid="0.23.1.0"/>
              </dxl:ProjElem>
            </dxl:ProjList>
            <dxl:TableDescriptor Mdid="0.74764.1.1" TableName="pt">
              <dxl:Columns>
                <dxl:Column ColId="0" Attno="1" ColName="pk" TypeMdid="0.23.1.0"/>
                <dxl:Column ColId="1" Attno="2" ColName="x" TypeMdid="0.23.1.0"/>
                <dxl:Column ColId="2" Attno="-1" ColName="ctid" TypeMdid="0.27.1.0"/>
                <dxl:Column ColId="3" Attno="-3" ColName="xmin" TypeMdid="0.28.1.0"/>
                <dxl:Column ColId="4" Attno="-4" ColName="cmin" TypeMdid="0.29.1.0"/>
                <dxl:Column ColId="5" Attno="-5" ColName="xmax" TypeMdid="0.28.1.0"/>
                <dxl:Column ColId="6" Attno="-6" ColName="cmax" TypeMdid="0.29.1.0"/>
                <dxl:Column ColId="7" Attno="-7" ColName="tableoid" TypeMdid="0.26.1.0"/>
                <dxl:Column ColId="8" Attno="-8" ColName="gp_segment_id" TypeMdid="0.23.1.0"/>
              </dxl:Columns>
            </dxl:TableDescriptor>
          </dxl:DynamicTableScan>
        </dxl:Sequence>
      </dxl:GatherMotion>
    </dxl:Result>
  </dxl:Plan>
</dxl:DXLMessage>
