<?xml version="1.0" encoding="UTF-8"?>
<dxl:DXLMessage xmlns:dxl="http://greenplum.com/dxl/2010/12/">
  <dxl:Plan>
    <dxl:NestedLoopJoin JoinType="Inner">
      <dxl:Properties>
        <dxl:Cost StartupCost="10" TotalCost="100" Rows="1" Width="32"/>
      </dxl:Properties>
      <dxl:ProjList>
        <dxl:ProjElem ColId="0" Alias="funcvolatile">
          <dxl:Ident ColId="0" ColName="funcvolatile" TypeMdid="0.23.1.0"/>
        </dxl:ProjElem>
        <dxl:ProjElem ColId="1" Alias="t1">
          <dxl:Ident ColId="1" ColName="t1" TypeMdid="0.23.1.0"/>
        </dxl:ProjElem>
        <dxl:ProjElem ColId="2" Alias="t2">
          <dxl:Ident ColId="2" ColName="t2" TypeMdid="0.23.1.0"/>
        </dxl:ProjElem>
        <dxl:ProjElem ColId="3" Alias="t3">
          <dxl:Ident ColId="3" ColName="t3" TypeMdid="0.23.1.0"/>
        </dxl:ProjElem>
      </dxl:ProjList>
      <dxl:Filter/>
      <dxl:JoinFilter>
        <dxl:ConstValue TypeMdid="0.16.1.0" Value="true"/>
      </dxl:JoinFilter>
      <dxl:TableValuedFunction FuncId="0.74752.1.0" Name="funcvolatile" TypeMdid="0.23.1.0">
        <dxl:Properties>
          <dxl:Cost StartupCost="10" TotalCost="100" Rows="1000" Width="8"/>
        </dxl:Properties>
        <dxl:ProjList>
          <dxl:ProjElem ColId="0" Alias="funcvolatile">
            <dxl:Ident ColId="0" ColName="funcvolatile" TypeMdid="0.23.1.0"/>
          </dxl:ProjElem>
        </dxl:ProjList>
        <dxl:ConstValue TypeMdid="0.23.1.0" Value="10"/>
      </dxl:TableValuedFunction>
      <dxl:Materialize Eager="false">
        <dxl:Properties>
          <dxl:Cost StartupCost="10" TotalCost="100" Rows="0" Width="24"/>
        </dxl:Properties>
        <dxl:ProjList>
          <dxl:ProjElem ColId="1" Alias="t1">
            <dxl:Ident ColId="1" ColName="t1" TypeMdid="0.23.1.0"/>
          </dxl:ProjElem>
          <dxl:ProjElem ColId="2" Alias="t2">
            <dxl:Ident ColId="2" ColName="t2" TypeMdid="0.23.1.0"/>
          </dxl:ProjElem>
          <dxl:ProjElem ColId="3" Alias="t3">
            <dxl:Ident ColId="3" ColName="t3" TypeMdid="0.23.1.0"/>
          </dxl:ProjElem>
        </dxl:ProjList>
        <dxl:Filter/>
        <dxl:GatherMotion InputSegments="0,1" OutputSegments="-1">
          <dxl:Properties>
            <dxl:Cost StartupCost="10" TotalCost="100" Rows="0" Width="24"/>
          </dxl:Properties>
          <dxl:ProjList>
            <dxl:ProjElem ColId="1" Alias="t1">
              <dxl:Ident ColId="1" ColName="t1" TypeMdid="0.23.1.0"/>
            </dxl:ProjElem>
            <dxl:ProjElem ColId="2" Alias="t2">
              <dxl:Ident ColId="2" ColName="t2" TypeMdid="0.23.1.0"/>
            </dxl:ProjElem>
            <dxl:ProjElem ColId="3" Alias="t3">
              <dxl:Ident ColId="3" ColName="t3" TypeMdid="0.23.1.0"/>
            </dxl:ProjElem>
          </dxl:ProjList>
          <dxl:Filter/>
          <dxl:SortingColumnList/>
          <dxl:TableScan>
            <dxl:Properties>
              <dxl:Cost StartupCost="10" TotalCost="100" Rows="0" Width="24"/>
            </dxl:Properties>
            <dxl:ProjList>
              <dxl:ProjElem ColId="1" Alias="t1">
                <dxl:Ident ColId="1" ColName="t1" TypeMdid="0.23.1.0"/>
              </dxl:ProjElem>
              <dxl:ProjElem ColId="2" Alias="t2">
                <dxl:Ident ColId="2" ColName="t2" TypeMdid="0.23.1.0"/>
              </dxl:ProjElem>
              <dxl:ProjElem ColId="3" Alias="t3">
                <dxl:Ident ColId="3" ColName="t3" TypeMdid="0.23.1.0"/>
              </dxl:ProjElem>
            </dxl:ProjList>
            <dxl:Filter/>
            <dxl:TableDescriptor Mdid="0.899686.1.1" TableName="t">
              <dxl:Columns>
                <dxl:Column ColId="1" Attno="1" ColName="t1" TypeMdid="0.23.1.0"/>
                <dxl:Column ColId="2" Attno="2" ColName="t2" TypeMdid="0.23.1.0"/>
                <dxl:Column ColId="3" Attno="3" ColName="t3" TypeMdid="0.23.1.0"/>
                <dxl:Column ColId="4" Attno="-1" ColName="ctid" TypeMdid="0.27.1.0"/>
                <dxl:Column ColId="5" Attno="-3" ColName="xmin" TypeMdid="0.28.1.0"/>
                <dxl:Column ColId="6" Attno="-4" ColName="cmin" TypeMdid="0.29.1.0"/>
                <dxl:Column ColId="7" Attno="-5" ColName="xmax" TypeMdid="0.28.1.0"/>
                <dxl:Column ColId="8" Attno="-6" ColName="cmax" TypeMdid="0.29.1.0"/>
                <dxl:Column ColId="9" Attno="-7" ColName="tableoid" TypeMdid="0.26.1.0"/>
                <dxl:Column ColId="10" Attno="-8" ColName="gp_segment_id" TypeMdid="0.23.1.0"/>
              </dxl:Columns>
            </dxl:TableDescriptor>
          </dxl:TableScan>
        </dxl:GatherMotion>
      </dxl:Materialize>
    </dxl:NestedLoopJoin>
  </dxl:Plan>
</dxl:DXLMessage>
