<?xml version="1.0" encoding="UTF-8"?>
<dxl:DXLMessage xmlns:dxl="http://greenplum.com/dxl/2010/12/">
  <dxl:Plan>
    <dxl:Result>
      <dxl:Properties>
        <dxl:Cost StartupCost="10" TotalCost="100" Rows="0" Width="24"/>
      </dxl:Properties>
      <dxl:ProjList>
        <dxl:ProjElem ColId="0" Alias="t1">
          <dxl:Ident ColId="0" ColName="t1" TypeMdid="0.23.1.0"/>
        </dxl:ProjElem>
        <dxl:ProjElem ColId="1" Alias="t2">
          <dxl:Ident ColId="1" ColName="t2" TypeMdid="0.23.1.0"/>
        </dxl:ProjElem>
        <dxl:ProjElem ColId="2" Alias="t3">
          <dxl:Ident ColId="2" ColName="t3" TypeMdid="0.23.1.0"/>
        </dxl:ProjElem>
      </dxl:ProjList>
      <dxl:Filter>
        <dxl:Comparison ComparisonOperator="=" OperatorMdid="0.96.1.0">
          <dxl:Ident ColId="0" ColName="t1" TypeMdid="0.23.1.0"/>
          <dxl:SubPlan TypeMdid="0.23.1.0">
            <dxl:ParamList>
              <dxl:Param ColId="1" ColName="t2" TypeMdid="0.23.1.0"/>
            </dxl:ParamList>
            <dxl:Materialize Eager="false">
              <dxl:Properties>
                <dxl:Cost StartupCost="10" TotalCost="100" Rows="0" Width="8"/>
              </dxl:Properties>
              <dxl:ProjList>
                <dxl:ProjElem ColId="20" Alias="funcvolatile">
                  <dxl:Ident ColId="20" ColName="funcvolatile" TypeMdid="0.23.1.0"/>
                </dxl:ProjElem>
              </dxl:ProjList>
              <dxl:Filter/>
              <dxl:Result>
                <dxl:Properties>
                  <dxl:Cost StartupCost="10" TotalCost="100" Rows="0" Width="8"/>
                </dxl:Properties>
                <dxl:ProjList>
                  <dxl:ProjElem ColId="20" Alias="funcvolatile">
                    <dxl:FuncExpr FuncId="0.74752.1.0" FuncRetSet="false" TypeMdid="0.23.1.0">
                      <dxl:Ident ColId="10" ColName="s1" TypeMdid="0.23.1.0"/>
                    </dxl:FuncExpr>
                  </dxl:ProjElem>
                </dxl:ProjList>
                <dxl:Filter/>
                <dxl:OneTimeFilter/>
                <dxl:Result>
                  <dxl:Properties>
                    <dxl:Cost StartupCost="10" TotalCost="100" Rows="0" Width="8"/>
                  </dxl:Properties>
                  <dxl:ProjList>
                    <dxl:ProjElem ColId="10" Alias="s1">
                      <dxl:Ident ColId="10" ColName="s1" TypeMdid="0.23.1.0"/>
                    </dxl:ProjElem>
                  </dxl:ProjList>
                  <dxl:Filter>
                    <dxl:Comparison ComparisonOperator="&gt;" OperatorMdid="0.521.1.0">
                      <dxl:Ident ColId="11" ColName="s2" TypeMdid="0.23.1.0"/>
                      <dxl:Ident ColId="1" ColName="t2" TypeMdid="0.23.1.0"/>
                    </dxl:Comparison>
                  </dxl:Filter>
                  <dxl:OneTimeFilter/>
                  <dxl:Materialize Eager="false">
                    <dxl:Properties>
                      <dxl:Cost StartupCost="10" TotalCost="100" Rows="0" Width="16"/>
                    </dxl:Properties>
                    <dxl:ProjList>
                      <dxl:ProjElem ColId="10" Alias="s1">
                        <dxl:Ident ColId="10" ColName="s1" TypeMdid="0.23.1.0"/>
                      </dxl:ProjElem>
                      <dxl:ProjElem ColId="11" Alias="s2">
                        <dxl:Ident ColId="11" ColName="s2" TypeMdid="0.23.1.0"/>
                      </dxl:ProjElem>
                    </dxl:ProjList>
                    <dxl:Filter/>
                    <dxl:GatherMotion InputSegments="0,1" OutputSegments="-1">
                      <dxl:Properties>
                        <dxl:Cost StartupCost="10" TotalCost="100" Rows="0" Width="16"/>
                      </dxl:Properties>
                      <dxl:ProjList>
                        <dxl:ProjElem ColId="10" Alias="s1">
                          <dxl:Ident ColId="10" ColName="s1" TypeMdid="0.23.1.0"/>
                        </dxl:ProjElem>
                        <dxl:ProjElem ColId="11" Alias="s2">
                          <dxl:Ident ColId="11" ColName="s2" TypeMdid="0.23.1.0"/>
                        </dxl:ProjElem>
                      </dxl:ProjList>
                      <dxl:Filter/>
                      <dxl:SortingColumnList/>
                      <dxl:TableScan>
                        <dxl:Properties>
                          <dxl:Cost StartupCost="10" TotalCost="100" Rows="0" Width="16"/>
                        </dxl:Properties>
                        <dxl:ProjList>
                          <dxl:ProjElem ColId="10" Alias="s1">
                            <dxl:Ident ColId="10" ColName="s1" TypeMdid="0.23.1.0"/>
                          </dxl:ProjElem>
                          <dxl:ProjElem ColId="11" Alias="s2">
                            <dxl:Ident ColId="11" ColName="s2" TypeMdid="0.23.1.0"/>
                          </dxl:ProjElem>
                        </dxl:ProjList>
                        <dxl:Filter/>
                        <dxl:TableDescriptor Mdid="0.899663.1.1" TableName="s">
                          <dxl:Columns>
                            <dxl:Column ColId="10" Attno="1" ColName="s1" TypeMdid="0.23.1.0"/>
                            <dxl:Column ColId="11" Attno="2" ColName="s2" TypeMdid="0.23.1.0"/>
                            <dxl:Column ColId="12" Attno="3" ColName="s3" TypeMdid="0.23.1.0"/>
                            <dxl:Column ColId="13" Attno="-1" ColName="ctid" TypeMdid="0.27.1.0"/>
                            <dxl:Column ColId="14" Attno="-3" ColName="xmin" TypeMdid="0.28.1.0"/>
                            <dxl:Column ColId="15" Attno="-4" ColName="cmin" TypeMdid="0.29.1.0"/>
                            <dxl:Column ColId="16" Attno="-5" ColName="xmax" TypeMdid="0.28.1.0"/>
                            <dxl:Column ColId="17" Attno="-6" ColName="cmax" TypeMdid="0.29.1.0"/>
                            <dxl:Column ColId="18" Attno="-7" ColName="tableoid" TypeMdid="0.26.1.0"/>
                            <dxl:Column ColId="19" Attno="-8" ColName="gp_segment_id" TypeMdid="0.23.1.0"/>
                          </dxl:Columns>
                        </dxl:TableDescriptor>
                      </dxl:TableScan>
                    </dxl:GatherMotion>
                  </dxl:Materialize>
                </dxl:Result>
              </dxl:Result>
            </dxl:Materialize>
          </dxl:SubPlan>
        </dxl:Comparison>
      </dxl:Filter>
      <dxl:OneTimeFilter/>
      <dxl:GatherMotion InputSegments="0,1" OutputSegments="-1">
        <dxl:Properties>
          <dxl:Cost StartupCost="10" TotalCost="100" Rows="0" Width="24"/>
        </dxl:Properties>
        <dxl:ProjList>
          <dxl:ProjElem ColId="0" Alias="t1">
            <dxl:Ident ColId="0" ColName="t1" TypeMdid="0.23.1.0"/>
          </dxl:ProjElem>
          <dxl:ProjElem ColId="1" Alias="t2">
            <dxl:Ident ColId="1" ColName="t2" TypeMdid="0.23.1.0"/>
          </dxl:ProjElem>
          <dxl:ProjElem ColId="2" Alias="t3">
            <dxl:Ident ColId="2" ColName="t3" TypeMdid="0.23.1.0"/>
          </dxl:ProjElem>
        </dxl:ProjList>
        <dxl:Filter/>
        <dxl:SortingColumnList/>
        <dxl:TableScan>
          <dxl:Properties>
            <dxl:Cost StartupCost="10" TotalCost="100" Rows="0" Width="24"/>
          </dxl:Properties>
          <dxl:ProjList>
            <dxl:ProjElem ColId="0" Alias="t1">
              <dxl:Ident ColId="0" ColName="t1" TypeMdid="0.23.1.0"/>
            </dxl:ProjElem>
            <dxl:ProjElem ColId="1" Alias="t2">
              <dxl:Ident ColId="1" ColName="t2" TypeMdid="0.23.1.0"/>
            </dxl:ProjElem>
            <dxl:ProjElem ColId="2" Alias="t3">
              <dxl:Ident ColId="2" ColName="t3" TypeMdid="0.23.1.0"/>
            </dxl:ProjElem>
          </dxl:ProjList>
          <dxl:Filter/>
          <dxl:TableDescriptor Mdid="0.899686.1.1" TableName="t">
            <dxl:Columns>
              <dxl:Column ColId="0" Attno="1" ColName="t1" TypeMdid="0.23.1.0"/>
              <dxl:Column ColId="1" Attno="2" ColName="t2" TypeMdid="0.23.1.0"/>
              <dxl:Column ColId="2" Attno="3" ColName="t3" TypeMdid="0.23.1.0"/>
              <dxl:Column ColId="3" Attno="-1" ColName="ctid" TypeMdid="0.27.1.0"/>
              <dxl:Column ColId="4" Attno="-3" ColName="xmin" TypeMdid="0.28.1.0"/>
              <dxl:Column ColId="5" Attno="-4" ColName="cmin" TypeMdid="0.29.1.0"/>
              <dxl:Column ColId="6" Attno="-5" ColName="xmax" TypeMdid="0.28.1.0"/>
              <dxl:Column ColId="7" Attno="-6" ColName="cmax" TypeMdid="0.29.1.0"/>
              <dxl:Column ColId="8" Attno="-7" ColName="tableoid" TypeMdid="0.26.1.0"/>
              <dxl:Column ColId="9" Attno="-8" ColName="gp_segment_id" TypeMdid="0.23.1.0"/>
            </dxl:Columns>
          </dxl:TableDescriptor>
        </dxl:TableScan>
      </dxl:GatherMotion>
    </dxl:Result>
  </dxl:Plan>
</dxl:DXLMessage>
