<?xml version="1.0" encoding="UTF-8"?>
<dxl:DXLMessage xmlns:dxl="http://greenplum.com/dxl/2010/12/">
  <dxl:Plan>
    <dxl:Window PartitionColumns="">
      <dxl:Properties>
        <dxl:Cost StartupCost="10" TotalCost="100" Rows="1000" Width="8"/>
      </dxl:Properties>
      <dxl:ProjList>
        <dxl:ProjElem ColId="10" Alias="row_number">
          <dxl:WindowFunc Mdid="0.7000.1.0" TypeMdid="0.20.1.0" Distinct="false" WindowStarArg="false" WindowSimpleAgg="false" WindowStrategy="Immediate" WinSpecPos="0"/>
        </dxl:ProjElem>
      </dxl:ProjList>
      <dxl:Filter/>
      <dxl:GatherMotion InputSegments="0,1" OutputSegments="-1">
        <dxl:Properties>
          <dxl:Cost StartupCost="10" TotalCost="100" Rows="8" Width="1"/>
        </dxl:Properties>
        <dxl:ProjList/>
        <dxl:Filter/>
        <dxl:SortingColumnList/>
        <dxl:TableScan>
          <dxl:Properties>
            <dxl:Cost StartupCost="10" TotalCost="100" Rows="8" Width="1"/>
          </dxl:Properties>
          <dxl:ProjList/>
          <dxl:Filter/>
          <dxl:TableDescriptor Mdid="0.1607168.1.1" TableName="s">
            <dxl:Columns>
              <dxl:Column ColId="0" Attno="1" ColName="c" TypeMdid="0.23.1.0"/>
              <dxl:Column ColId="1" Attno="2" ColName="d" TypeMdid="0.23.1.0"/>
              <dxl:Column ColId="2" Attno="3" ColName="e" TypeMdid="0.23.1.0"/>
              <dxl:Column ColId="3" Attno="-1" ColName="ctid" TypeMdid="0.27.1.0"/>
              <dxl:Column ColId="4" Attno="-3" ColName="xmin" TypeMdid="0.28.1.0"/>
              <dxl:Column ColId="5" Attno="-4" ColName="cmin" TypeMdid="0.29.1.0"/>
              <dxl:Column ColId="6" Attno="-5" ColName="xmax" TypeMdid="0.28.1.0"/>
              <dxl:Column ColId="7" Attno="-6" ColName="cmax" TypeMdid="0.29.1.0"/>
              <dxl:Column ColId="8" Attno="-7" ColName="tableoid" TypeMdid="0.26.1.0"/>
              <dxl:Column ColId="9" Attno="-8" ColName="gp_segment_id" TypeMdid="0.23.1.0"/>
            </dxl:Columns>
          </dxl:TableDescriptor>
        </dxl:TableScan>
      </dxl:GatherMotion>
      <dxl:WindowKeyList/>
    </dxl:Window>
  </dxl:Plan>
</dxl:DXLMessage>
