<?xml version="1.0" encoding="UTF-8"?>
<dxl:DXLMessage xmlns:dxl="http://greenplum.com/dxl/2010/12/">
  <!--
SQL: select count(distinct a) over(partition by a), sum(distinct a) over(partition by b) from t;
-->
  <dxl:Thread Id="0">
    <dxl:OptimizerConfig>
      <dxl:EnumeratorConfig Id="0" PlanSamples="0" CostThreshold="0"/>
      <dxl:StatisticsConfig DampingFactorFilter="0.750000" DampingFactorJoin="0.010000" DampingFactorGroupBy="0.750000"/>
      <dxl:CTEConfig CTEInliningCutoff="0"/> 
      <dxl:WindowOids RowNumber="7000" Rank="7001"/>
      <dxl:CostModelConfig CostModelType="1" SegmentsForCosting="2">
        <dxl:CostParams>
          <dxl:CostParam Name="NLJFactor" Value="1.000000" LowerBound="0.500000" UpperBound="1.500000"/>
        </dxl:CostParams>
      </dxl:CostModelConfig>
      <dxl:TraceFlags Value="102120,103001,103014,103015,105000"/>
    </dxl:OptimizerConfig>
    <dxl:Metadata SystemIds="0.GPDB">
    </dxl:Metadata>
    <dxl:Query>
      <dxl:OutputColumns>
        <dxl:Ident ColId="11" ColName="count" TypeMdid="0.20.1.0"/>
        <dxl:Ident ColId="12" ColName="sum" TypeMdid="0.20.1.0"/>
      </dxl:OutputColumns>
      <dxl:CTEList/>
      <dxl:LogicalWindow>
        <dxl:WindowSpecList>
          <dxl:WindowSpec PartitionColumns="1"/>
          <dxl:WindowSpec PartitionColumns="2"/>
        </dxl:WindowSpecList>
        <dxl:ProjList>
          <dxl:ProjElem ColId="11" Alias="count">
            <dxl:WindowFunc Mdid="0.2147.1.0" TypeMdid="0.20.1.0" Distinct="true" WindowStarArg="false" WindowSimpleAgg="false" WindowStrategy="Immediate" WinSpecPos="0">
              <dxl:Ident ColId="1" ColName="a" TypeMdid="0.23.1.0"/>
            </dxl:WindowFunc>
          </dxl:ProjElem>
          <dxl:ProjElem ColId="12" Alias="sum">
            <dxl:WindowFunc Mdid="0.2108.1.0" TypeMdid="0.20.1.0" Distinct="true" WindowStarArg="false" WindowSimpleAgg="false" WindowStrategy="Immediate" WinSpecPos="1">
              <dxl:Ident ColId="1" ColName="a" TypeMdid="0.23.1.0"/>
            </dxl:WindowFunc>
          </dxl:ProjElem>
        </dxl:ProjList>
        <dxl:LogicalGet>
          <dxl:TableDescriptor Mdid="0.19556034.1.1" TableName="t">
            <dxl:Columns>
              <dxl:Column ColId="1" Attno="1" ColName="a" TypeMdid="0.23.1.0"/>
              <dxl:Column ColId="2" Attno="2" ColName="b" TypeMdid="0.23.1.0"/>
              <dxl:Column ColId="3" Attno="3" ColName="d" TypeMdid="0.23.1.0"/>
              <dxl:Column ColId="4" Attno="-1" ColName="ctid" TypeMdid="0.27.1.0"/>
              <dxl:Column ColId="5" Attno="-3" ColName="xmin" TypeMdid="0.28.1.0"/>
              <dxl:Column ColId="6" Attno="-4" ColName="cmin" TypeMdid="0.29.1.0"/>
              <dxl:Column ColId="7" Attno="-5" ColName="xmax" TypeMdid="0.28.1.0"/>
              <dxl:Column ColId="8" Attno="-6" ColName="cmax" TypeMdid="0.29.1.0"/>
              <dxl:Column ColId="9" Attno="-7" ColName="tableoid" TypeMdid="0.26.1.0"/>
              <dxl:Column ColId="10" Attno="-8" ColName="gp_segment_id" TypeMdid="0.23.1.0"/>
            </dxl:Columns>
          </dxl:TableDescriptor>
        </dxl:LogicalGet>
      </dxl:LogicalWindow>
    </dxl:Query>
    <dxl:Plan Id="0" SpaceSize="0">
      <dxl:GatherMotion InputSegments="0,1" OutputSegments="-1">
        <dxl:Properties>
          <dxl:Cost StartupCost="0" TotalCost="3036.657785" Rows="10013.000000" Width="16"/>
        </dxl:Properties>
        <dxl:ProjList>
          <dxl:ProjElem ColId="10" Alias="count">
            <dxl:Ident ColId="10" ColName="count" TypeMdid="0.20.1.0"/>
          </dxl:ProjElem>
          <dxl:ProjElem ColId="11" Alias="sum">
            <dxl:Ident ColId="11" ColName="sum" TypeMdid="0.20.1.0"/>
          </dxl:ProjElem>
        </dxl:ProjList>
        <dxl:Filter/>
        <dxl:SortingColumnList/>
        <dxl:Sequence>
          <dxl:Properties>
            <dxl:Cost StartupCost="0" TotalCost="3035.938451" Rows="10013.000000" Width="16"/>
          </dxl:Properties>
          <dxl:ProjList>
            <dxl:ProjElem ColId="10" Alias="count">
              <dxl:Ident ColId="10" ColName="count" TypeMdid="0.20.1.0"/>
            </dxl:ProjElem>
            <dxl:ProjElem ColId="11" Alias="sum">
              <dxl:Ident ColId="11" ColName="sum" TypeMdid="0.20.1.0"/>
            </dxl:ProjElem>
          </dxl:ProjList>
          <dxl:CTEProducer CTEId="0" Columns="12,13,14,15,16,17,18,19,20,21,22">
            <dxl:Properties>
              <dxl:Cost StartupCost="0" TotalCost="1300.800214" Rows="10013.000000" Width="1"/>
            </dxl:Properties>
            <dxl:ProjList>
              <dxl:ProjElem ColId="12" Alias="a">
                <dxl:Ident ColId="12" ColName="a" TypeMdid="0.23.1.0"/>
              </dxl:ProjElem>
              <dxl:ProjElem ColId="13" Alias="b">
                <dxl:Ident ColId="13" ColName="b" TypeMdid="0.23.1.0"/>
              </dxl:ProjElem>
              <dxl:ProjElem ColId="14" Alias="d">
                <dxl:Ident ColId="14" ColName="d" TypeMdid="0.23.1.0"/>
              </dxl:ProjElem>
              <dxl:ProjElem ColId="15" Alias="ctid">
                <dxl:Ident ColId="15" ColName="ctid" TypeMdid="0.27.1.0"/>
              </dxl:ProjElem>
              <dxl:ProjElem ColId="16" Alias="xmin">
                <dxl:Ident ColId="16" ColName="xmin" TypeMdid="0.28.1.0"/>
              </dxl:ProjElem>
              <dxl:ProjElem ColId="17" Alias="cmin">
                <dxl:Ident ColId="17" ColName="cmin" TypeMdid="0.29.1.0"/>
              </dxl:ProjElem>
              <dxl:ProjElem ColId="18" Alias="xmax">
                <dxl:Ident ColId="18" ColName="xmax" TypeMdid="0.28.1.0"/>
              </dxl:ProjElem>
              <dxl:ProjElem ColId="19" Alias="cmax">
                <dxl:Ident ColId="19" ColName="cmax" TypeMdid="0.29.1.0"/>
              </dxl:ProjElem>
              <dxl:ProjElem ColId="20" Alias="tableoid">
                <dxl:Ident ColId="20" ColName="tableoid" TypeMdid="0.26.1.0"/>
              </dxl:ProjElem>
              <dxl:ProjElem ColId="21" Alias="gp_segment_id">
                <dxl:Ident ColId="21" ColName="gp_segment_id" TypeMdid="0.23.1.0"/>
              </dxl:ProjElem>
              <dxl:ProjElem ColId="22" Alias="count">
                <dxl:Ident ColId="22" ColName="count" TypeMdid="0.20.1.0"/>
              </dxl:ProjElem>
            </dxl:ProjList>
            <dxl:Sequence>
              <dxl:Properties>
                <dxl:Cost StartupCost="0" TotalCost="1300.795208" Rows="10013.000000" Width="76"/>
              </dxl:Properties>
              <dxl:ProjList>
                <dxl:ProjElem ColId="12" Alias="a">
                  <dxl:Ident ColId="12" ColName="a" TypeMdid="0.23.1.0"/>
                </dxl:ProjElem>
                <dxl:ProjElem ColId="13" Alias="b">
                  <dxl:Ident ColId="13" ColName="b" TypeMdid="0.23.1.0"/>
                </dxl:ProjElem>
                <dxl:ProjElem ColId="14" Alias="d">
                  <dxl:Ident ColId="14" ColName="d" TypeMdid="0.23.1.0"/>
                </dxl:ProjElem>
                <dxl:ProjElem ColId="15" Alias="ctid">
                  <dxl:Ident ColId="15" ColName="ctid" TypeMdid="0.27.1.0"/>
                </dxl:ProjElem>
                <dxl:ProjElem ColId="16" Alias="xmin">
                  <dxl:Ident ColId="16" ColName="xmin" TypeMdid="0.28.1.0"/>
                </dxl:ProjElem>
                <dxl:ProjElem ColId="17" Alias="cmin">
                  <dxl:Ident ColId="17" ColName="cmin" TypeMdid="0.29.1.0"/>
                </dxl:ProjElem>
                <dxl:ProjElem ColId="18" Alias="xmax">
                  <dxl:Ident ColId="18" ColName="xmax" TypeMdid="0.28.1.0"/>
                </dxl:ProjElem>
                <dxl:ProjElem ColId="19" Alias="cmax">
                  <dxl:Ident ColId="19" ColName="cmax" TypeMdid="0.29.1.0"/>
                </dxl:ProjElem>
                <dxl:ProjElem ColId="20" Alias="tableoid">
                  <dxl:Ident ColId="20" ColName="tableoid" TypeMdid="0.26.1.0"/>
                </dxl:ProjElem>
                <dxl:ProjElem ColId="21" Alias="gp_segment_id">
                  <dxl:Ident ColId="21" ColName="gp_segment_id" TypeMdid="0.23.1.0"/>
                </dxl:ProjElem>
                <dxl:ProjElem ColId="22" Alias="count">
                  <dxl:Ident ColId="22" ColName="count" TypeMdid="0.20.1.0"/>
                </dxl:ProjElem>
              </dxl:ProjList>
              <dxl:CTEProducer CTEId="1" Columns="23,24,25,26,27,28,29,30,31,32">
                <dxl:Properties>
                  <dxl:Cost StartupCost="0" TotalCost="431.825472" Rows="10013.000000" Width="1"/>
                </dxl:Properties>
                <dxl:ProjList>
                  <dxl:ProjElem ColId="23" Alias="a">
                    <dxl:Ident ColId="23" ColName="a" TypeMdid="0.23.1.0"/>
                  </dxl:ProjElem>
                  <dxl:ProjElem ColId="24" Alias="b">
                    <dxl:Ident ColId="24" ColName="b" TypeMdid="0.23.1.0"/>
                  </dxl:ProjElem>
                  <dxl:ProjElem ColId="25" Alias="d">
                    <dxl:Ident ColId="25" ColName="d" TypeMdid="0.23.1.0"/>
                  </dxl:ProjElem>
                  <dxl:ProjElem ColId="26" Alias="ctid">
                    <dxl:Ident ColId="26" ColName="ctid" TypeMdid="0.27.1.0"/>
                  </dxl:ProjElem>
                  <dxl:ProjElem ColId="27" Alias="xmin">
                    <dxl:Ident ColId="27" ColName="xmin" TypeMdid="0.28.1.0"/>
                  </dxl:ProjElem>
                  <dxl:ProjElem ColId="28" Alias="cmin">
                    <dxl:Ident ColId="28" ColName="cmin" TypeMdid="0.29.1.0"/>
                  </dxl:ProjElem>
                  <dxl:ProjElem ColId="29" Alias="xmax">
                    <dxl:Ident ColId="29" ColName="xmax" TypeMdid="0.28.1.0"/>
                  </dxl:ProjElem>
                  <dxl:ProjElem ColId="30" Alias="cmax">
                    <dxl:Ident ColId="30" ColName="cmax" TypeMdid="0.29.1.0"/>
                  </dxl:ProjElem>
                  <dxl:ProjElem ColId="31" Alias="tableoid">
                    <dxl:Ident ColId="31" ColName="tableoid" TypeMdid="0.26.1.0"/>
                  </dxl:ProjElem>
                  <dxl:ProjElem ColId="32" Alias="gp_segment_id">
                    <dxl:Ident ColId="32" ColName="gp_segment_id" TypeMdid="0.23.1.0"/>
                  </dxl:ProjElem>
                </dxl:ProjList>
                <dxl:TableScan>
                  <dxl:Properties>
                    <dxl:Cost StartupCost="0" TotalCost="431.187243" Rows="10013.000000" Width="68"/>
                  </dxl:Properties>
                  <dxl:ProjList>
                    <dxl:ProjElem ColId="23" Alias="a">
                      <dxl:Ident ColId="23" ColName="a" TypeMdid="0.23.1.0"/>
                    </dxl:ProjElem>
                    <dxl:ProjElem ColId="24" Alias="b">
                      <dxl:Ident ColId="24" ColName="b" TypeMdid="0.23.1.0"/>
                    </dxl:ProjElem>
                    <dxl:ProjElem ColId="25" Alias="d">
                      <dxl:Ident ColId="25" ColName="d" TypeMdid="0.23.1.0"/>
                    </dxl:ProjElem>
                    <dxl:ProjElem ColId="26" Alias="ctid">
                      <dxl:Ident ColId="26" ColName="ctid" TypeMdid="0.27.1.0"/>
                    </dxl:ProjElem>
                    <dxl:ProjElem ColId="27" Alias="xmin">
                      <dxl:Ident ColId="27" ColName="xmin" TypeMdid="0.28.1.0"/>
                    </dxl:ProjElem>
                    <dxl:ProjElem ColId="28" Alias="cmin">
                      <dxl:Ident ColId="28" ColName="cmin" TypeMdid="0.29.1.0"/>
                    </dxl:ProjElem>
                    <dxl:ProjElem ColId="29" Alias="xmax">
                      <dxl:Ident ColId="29" ColName="xmax" TypeMdid="0.28.1.0"/>
                    </dxl:ProjElem>
                    <dxl:ProjElem ColId="30" Alias="cmax">
                      <dxl:Ident ColId="30" ColName="cmax" TypeMdid="0.29.1.0"/>
                    </dxl:ProjElem>
                    <dxl:ProjElem ColId="31" Alias="tableoid">
                      <dxl:Ident ColId="31" ColName="tableoid" TypeMdid="0.26.1.0"/>
                    </dxl:ProjElem>
                    <dxl:ProjElem ColId="32" Alias="gp_segment_id">
                      <dxl:Ident ColId="32" ColName="gp_segment_id" TypeMdid="0.23.1.0"/>
                    </dxl:ProjElem>
                  </dxl:ProjList>
                  <dxl:Filter/>
                  <dxl:TableDescriptor Mdid="0.19556034.1.1" TableName="t">
                    <dxl:Columns>
                      <dxl:Column ColId="23" Attno="1" ColName="a" TypeMdid="0.23.1.0"/>
                      <dxl:Column ColId="24" Attno="2" ColName="b" TypeMdid="0.23.1.0"/>
                      <dxl:Column ColId="25" Attno="3" ColName="d" TypeMdid="0.23.1.0"/>
                      <dxl:Column ColId="26" Attno="-1" ColName="ctid" TypeMdid="0.27.1.0"/>
                      <dxl:Column ColId="27" Attno="-3" ColName="xmin" TypeMdid="0.28.1.0"/>
                      <dxl:Column ColId="28" Attno="-4" ColName="cmin" TypeMdid="0.29.1.0"/>
                      <dxl:Column ColId="29" Attno="-5" ColName="xmax" TypeMdid="0.28.1.0"/>
                      <dxl:Column ColId="30" Attno="-6" ColName="cmax" TypeMdid="0.29.1.0"/>
                      <dxl:Column ColId="31" Attno="-7" ColName="tableoid" TypeMdid="0.26.1.0"/>
                      <dxl:Column ColId="32" Attno="-8" ColName="gp_segment_id" TypeMdid="0.23.1.0"/>
                    </dxl:Columns>
                  </dxl:TableDescriptor>
                </dxl:TableScan>
              </dxl:CTEProducer>
              <dxl:HashJoin JoinType="Inner">
                <dxl:Properties>
                  <dxl:Cost StartupCost="0" TotalCost="868.589242" Rows="10013.000000" Width="76"/>
                </dxl:Properties>
                <dxl:ProjList>
                  <dxl:ProjElem ColId="12" Alias="a">
                    <dxl:Ident ColId="12" ColName="a" TypeMdid="0.23.1.0"/>
                  </dxl:ProjElem>
                  <dxl:ProjElem ColId="13" Alias="b">
                    <dxl:Ident ColId="13" ColName="b" TypeMdid="0.23.1.0"/>
                  </dxl:ProjElem>
                  <dxl:ProjElem ColId="14" Alias="d">
                    <dxl:Ident ColId="14" ColName="d" TypeMdid="0.23.1.0"/>
                  </dxl:ProjElem>
                  <dxl:ProjElem ColId="15" Alias="ctid">
                    <dxl:Ident ColId="15" ColName="ctid" TypeMdid="0.27.1.0"/>
                  </dxl:ProjElem>
                  <dxl:ProjElem ColId="16" Alias="xmin">
                    <dxl:Ident ColId="16" ColName="xmin" TypeMdid="0.28.1.0"/>
                  </dxl:ProjElem>
                  <dxl:ProjElem ColId="17" Alias="cmin">
                    <dxl:Ident ColId="17" ColName="cmin" TypeMdid="0.29.1.0"/>
                  </dxl:ProjElem>
                  <dxl:ProjElem ColId="18" Alias="xmax">
                    <dxl:Ident ColId="18" ColName="xmax" TypeMdid="0.28.1.0"/>
                  </dxl:ProjElem>
                  <dxl:ProjElem ColId="19" Alias="cmax">
                    <dxl:Ident ColId="19" ColName="cmax" TypeMdid="0.29.1.0"/>
                  </dxl:ProjElem>
                  <dxl:ProjElem ColId="20" Alias="tableoid">
                    <dxl:Ident ColId="20" ColName="tableoid" TypeMdid="0.26.1.0"/>
                  </dxl:ProjElem>
                  <dxl:ProjElem ColId="21" Alias="gp_segment_id">
                    <dxl:Ident ColId="21" ColName="gp_segment_id" TypeMdid="0.23.1.0"/>
                  </dxl:ProjElem>
                  <dxl:ProjElem ColId="22" Alias="count">
                    <dxl:Ident ColId="22" ColName="count" TypeMdid="0.20.1.0"/>
                  </dxl:ProjElem>
                </dxl:ProjList>
                <dxl:Filter/>
                <dxl:JoinFilter/>
                <dxl:HashCondList>
                  <dxl:Not>
                    <dxl:IsDistinctFrom OperatorMdid="0.96.1.0">
                      <dxl:Ident ColId="12" ColName="a" TypeMdid="0.23.1.0"/>
                      <dxl:Ident ColId="33" ColName="a" TypeMdid="0.23.1.0"/>
                    </dxl:IsDistinctFrom>
                  </dxl:Not>
                </dxl:HashCondList>
                <dxl:CTEConsumer CTEId="1" Columns="12,13,14,15,16,17,18,19,20,21">
                  <dxl:Properties>
                    <dxl:Cost StartupCost="0" TotalCost="431.820465" Rows="10013.000000" Width="68"/>
                  </dxl:Properties>
                  <dxl:ProjList>
                    <dxl:ProjElem ColId="12" Alias="a">
                      <dxl:Ident ColId="12" ColName="a" TypeMdid="0.23.1.0"/>
                    </dxl:ProjElem>
                    <dxl:ProjElem ColId="13" Alias="b">
                      <dxl:Ident ColId="13" ColName="b" TypeMdid="0.23.1.0"/>
                    </dxl:ProjElem>
                    <dxl:ProjElem ColId="14" Alias="d">
                      <dxl:Ident ColId="14" ColName="d" TypeMdid="0.23.1.0"/>
                    </dxl:ProjElem>
                    <dxl:ProjElem ColId="15" Alias="ctid">
                      <dxl:Ident ColId="15" ColName="ctid" TypeMdid="0.27.1.0"/>
                    </dxl:ProjElem>
                    <dxl:ProjElem ColId="16" Alias="xmin">
                      <dxl:Ident ColId="16" ColName="xmin" TypeMdid="0.28.1.0"/>
                    </dxl:ProjElem>
                    <dxl:ProjElem ColId="17" Alias="cmin">
                      <dxl:Ident ColId="17" ColName="cmin" TypeMdid="0.29.1.0"/>
                    </dxl:ProjElem>
                    <dxl:ProjElem ColId="18" Alias="xmax">
                      <dxl:Ident ColId="18" ColName="xmax" TypeMdid="0.28.1.0"/>
                    </dxl:ProjElem>
                    <dxl:ProjElem ColId="19" Alias="cmax">
                      <dxl:Ident ColId="19" ColName="cmax" TypeMdid="0.29.1.0"/>
                    </dxl:ProjElem>
                    <dxl:ProjElem ColId="20" Alias="tableoid">
                      <dxl:Ident ColId="20" ColName="tableoid" TypeMdid="0.26.1.0"/>
                    </dxl:ProjElem>
                    <dxl:ProjElem ColId="21" Alias="gp_segment_id">
                      <dxl:Ident ColId="21" ColName="gp_segment_id" TypeMdid="0.23.1.0"/>
                    </dxl:ProjElem>
                  </dxl:ProjList>
                </dxl:CTEConsumer>
                <dxl:Aggregate AggregationStrategy="Sorted" StreamSafe="false">
                  <dxl:Properties>
                    <dxl:Cost StartupCost="0" TotalCost="432.497403" Rows="10000.999997" Width="12"/>
                  </dxl:Properties>
                  <dxl:GroupingColumns>
                    <dxl:GroupingColumn ColId="33"/>
                  </dxl:GroupingColumns>
                  <dxl:ProjList>
                    <dxl:ProjElem ColId="22" Alias="count">
                      <dxl:AggFunc AggMdid="0.2147.1.0" AggDistinct="true" AggStage="Normal" TypeMdid="0.20.1.0">
                        <dxl:Ident ColId="33" ColName="a" TypeMdid="0.23.1.0"/>
                      </dxl:AggFunc>
                    </dxl:ProjElem>
                    <dxl:ProjElem ColId="33" Alias="a">
                      <dxl:Ident ColId="33" ColName="a" TypeMdid="0.23.1.0"/>
                    </dxl:ProjElem>
                  </dxl:ProjList>
                  <dxl:Filter/>
                  <dxl:Sort SortDiscardDuplicates="false">
                    <dxl:Properties>
                      <dxl:Cost StartupCost="0" TotalCost="432.443714" Rows="10013.000000" Width="4"/>
                    </dxl:Properties>
                    <dxl:ProjList>
                      <dxl:ProjElem ColId="33" Alias="a">
                        <dxl:Ident ColId="33" ColName="a" TypeMdid="0.23.1.0"/>
                      </dxl:ProjElem>
                      <dxl:ProjElem ColId="34" Alias="b">
                        <dxl:Ident ColId="34" ColName="b" TypeMdid="0.23.1.0"/>
                      </dxl:ProjElem>
                      <dxl:ProjElem ColId="35" Alias="d">
                        <dxl:Ident ColId="35" ColName="d" TypeMdid="0.23.1.0"/>
                      </dxl:ProjElem>
                      <dxl:ProjElem ColId="36" Alias="ctid">
                        <dxl:Ident ColId="36" ColName="ctid" TypeMdid="0.27.1.0"/>
                      </dxl:ProjElem>
                      <dxl:ProjElem ColId="37" Alias="xmin">
                        <dxl:Ident ColId="37" ColName="xmin" TypeMdid="0.28.1.0"/>
                      </dxl:ProjElem>
                      <dxl:ProjElem ColId="38" Alias="cmin">
                        <dxl:Ident ColId="38" ColName="cmin" TypeMdid="0.29.1.0"/>
                      </dxl:ProjElem>
                      <dxl:ProjElem ColId="39" Alias="xmax">
                        <dxl:Ident ColId="39" ColName="xmax" TypeMdid="0.28.1.0"/>
                      </dxl:ProjElem>
                      <dxl:ProjElem ColId="40" Alias="cmax">
                        <dxl:Ident ColId="40" ColName="cmax" TypeMdid="0.29.1.0"/>
                      </dxl:ProjElem>
                      <dxl:ProjElem ColId="41" Alias="tableoid">
                        <dxl:Ident ColId="41" ColName="tableoid" TypeMdid="0.26.1.0"/>
                      </dxl:ProjElem>
                      <dxl:ProjElem ColId="42" Alias="gp_segment_id">
                        <dxl:Ident ColId="42" ColName="gp_segment_id" TypeMdid="0.23.1.0"/>
                      </dxl:ProjElem>
                    </dxl:ProjList>
                    <dxl:Filter/>
                    <dxl:SortingColumnList>
                      <dxl:SortingColumn ColId="33" SortOperatorMdid="0.97.1.0" SortOperatorName="&lt;" SortNullsFirst="false"/>
                    </dxl:SortingColumnList>
                    <dxl:LimitCount/>
                    <dxl:LimitOffset/>
                    <dxl:CTEConsumer CTEId="1" Columns="33,34,35,36,37,38,39,40,41,42">
                      <dxl:Properties>
                        <dxl:Cost StartupCost="0" TotalCost="431.048263" Rows="10013.000000" Width="4"/>
                      </dxl:Properties>
                      <dxl:ProjList>
                        <dxl:ProjElem ColId="33" Alias="a">
                          <dxl:Ident ColId="33" ColName="a" TypeMdid="0.23.1.0"/>
                        </dxl:ProjElem>
                        <dxl:ProjElem ColId="34" Alias="b">
                          <dxl:Ident ColId="34" ColName="b" TypeMdid="0.23.1.0"/>
                        </dxl:ProjElem>
                        <dxl:ProjElem ColId="35" Alias="d">
                          <dxl:Ident ColId="35" ColName="d" TypeMdid="0.23.1.0"/>
                        </dxl:ProjElem>
                        <dxl:ProjElem ColId="36" Alias="ctid">
                          <dxl:Ident ColId="36" ColName="ctid" TypeMdid="0.27.1.0"/>
                        </dxl:ProjElem>
                        <dxl:ProjElem ColId="37" Alias="xmin">
                          <dxl:Ident ColId="37" ColName="xmin" TypeMdid="0.28.1.0"/>
                        </dxl:ProjElem>
                        <dxl:ProjElem ColId="38" Alias="cmin">
                          <dxl:Ident ColId="38" ColName="cmin" TypeMdid="0.29.1.0"/>
                        </dxl:ProjElem>
                        <dxl:ProjElem ColId="39" Alias="xmax">
                          <dxl:Ident ColId="39" ColName="xmax" TypeMdid="0.28.1.0"/>
                        </dxl:ProjElem>
                        <dxl:ProjElem ColId="40" Alias="cmax">
                          <dxl:Ident ColId="40" ColName="cmax" TypeMdid="0.29.1.0"/>
                        </dxl:ProjElem>
                        <dxl:ProjElem ColId="41" Alias="tableoid">
                          <dxl:Ident ColId="41" ColName="tableoid" TypeMdid="0.26.1.0"/>
                        </dxl:ProjElem>
                        <dxl:ProjElem ColId="42" Alias="gp_segment_id">
                          <dxl:Ident ColId="42" ColName="gp_segment_id" TypeMdid="0.23.1.0"/>
                        </dxl:ProjElem>
                      </dxl:ProjList>
                    </dxl:CTEConsumer>
                  </dxl:Sort>
                </dxl:Aggregate>
              </dxl:HashJoin>
            </dxl:Sequence>
          </dxl:CTEProducer>
          <dxl:HashJoin JoinType="Inner">
            <dxl:Properties>
              <dxl:Cost StartupCost="0" TotalCost="1735.058132" Rows="10013.000000" Width="16"/>
            </dxl:Properties>
            <dxl:ProjList>
              <dxl:ProjElem ColId="10" Alias="count">
                <dxl:Ident ColId="10" ColName="count" TypeMdid="0.20.1.0"/>
              </dxl:ProjElem>
              <dxl:ProjElem ColId="11" Alias="sum">
                <dxl:Ident ColId="11" ColName="sum" TypeMdid="0.20.1.0"/>
              </dxl:ProjElem>
            </dxl:ProjList>
            <dxl:Filter/>
            <dxl:JoinFilter/>
            <dxl:HashCondList>
              <dxl:Not>
                <dxl:IsDistinctFrom OperatorMdid="0.96.1.0">
                  <dxl:Ident ColId="1" ColName="b" TypeMdid="0.23.1.0"/>
                  <dxl:Ident ColId="44" ColName="b" TypeMdid="0.23.1.0"/>
                </dxl:IsDistinctFrom>
              </dxl:Not>
            </dxl:HashCondList>
            <dxl:RedistributeMotion InputSegments="0,1" OutputSegments="0,1">
              <dxl:Properties>
                <dxl:Cost StartupCost="0" TotalCost="1297.921412" Rows="10013.000000" Width="12"/>
              </dxl:Properties>
              <dxl:ProjList>
                <dxl:ProjElem ColId="1" Alias="b">
                  <dxl:Ident ColId="1" ColName="b" TypeMdid="0.23.1.0"/>
                </dxl:ProjElem>
                <dxl:ProjElem ColId="10" Alias="count">
                  <dxl:Ident ColId="10" ColName="count" TypeMdid="0.20.1.0"/>
                </dxl:ProjElem>
              </dxl:ProjList>
              <dxl:Filter/>
              <dxl:SortingColumnList/>
              <dxl:HashExprList>
                <dxl:HashExpr TypeMdid="0.23.1.0">
                  <dxl:Ident ColId="1" ColName="b" TypeMdid="0.23.1.0"/>
                </dxl:HashExpr>
              </dxl:HashExprList>
              <dxl:Sequence>
                <dxl:Properties>
                  <dxl:Cost StartupCost="0" TotalCost="1297.733368" Rows="10013.000000" Width="12"/>
                </dxl:Properties>
                <dxl:ProjList>
                  <dxl:ProjElem ColId="1" Alias="b">
                    <dxl:Ident ColId="1" ColName="b" TypeMdid="0.23.1.0"/>
                  </dxl:ProjElem>
                  <dxl:ProjElem ColId="10" Alias="count">
                    <dxl:Ident ColId="10" ColName="count" TypeMdid="0.20.1.0"/>
                  </dxl:ProjElem>
                </dxl:ProjList>
                <dxl:CTEProducer CTEId="2" Columns="74,75,76,77,78,79,80,81,82,83,84">
                  <dxl:Properties>
                    <dxl:Cost StartupCost="0" TotalCost="431.921997" Rows="10013.000000" Width="1"/>
                  </dxl:Properties>
                  <dxl:ProjList>
                    <dxl:ProjElem ColId="74" Alias="a">
                      <dxl:Ident ColId="74" ColName="a" TypeMdid="0.23.1.0"/>
                    </dxl:ProjElem>
                    <dxl:ProjElem ColId="75" Alias="b">
                      <dxl:Ident ColId="75" ColName="b" TypeMdid="0.23.1.0"/>
                    </dxl:ProjElem>
                    <dxl:ProjElem ColId="76" Alias="d">
                      <dxl:Ident ColId="76" ColName="d" TypeMdid="0.23.1.0"/>
                    </dxl:ProjElem>
                    <dxl:ProjElem ColId="77" Alias="ctid">
                      <dxl:Ident ColId="77" ColName="ctid" TypeMdid="0.27.1.0"/>
                    </dxl:ProjElem>
                    <dxl:ProjElem ColId="78" Alias="xmin">
                      <dxl:Ident ColId="78" ColName="xmin" TypeMdid="0.28.1.0"/>
                    </dxl:ProjElem>
                    <dxl:ProjElem ColId="79" Alias="cmin">
                      <dxl:Ident ColId="79" ColName="cmin" TypeMdid="0.29.1.0"/>
                    </dxl:ProjElem>
                    <dxl:ProjElem ColId="80" Alias="xmax">
                      <dxl:Ident ColId="80" ColName="xmax" TypeMdid="0.28.1.0"/>
                    </dxl:ProjElem>
                    <dxl:ProjElem ColId="81" Alias="cmax">
                      <dxl:Ident ColId="81" ColName="cmax" TypeMdid="0.29.1.0"/>
                    </dxl:ProjElem>
                    <dxl:ProjElem ColId="82" Alias="tableoid">
                      <dxl:Ident ColId="82" ColName="tableoid" TypeMdid="0.26.1.0"/>
                    </dxl:ProjElem>
                    <dxl:ProjElem ColId="83" Alias="gp_segment_id">
                      <dxl:Ident ColId="83" ColName="gp_segment_id" TypeMdid="0.23.1.0"/>
                    </dxl:ProjElem>
                    <dxl:ProjElem ColId="84" Alias="count">
                      <dxl:Ident ColId="84" ColName="count" TypeMdid="0.20.1.0"/>
                    </dxl:ProjElem>
                  </dxl:ProjList>
                  <dxl:CTEConsumer CTEId="0" Columns="74,75,76,77,78,79,80,81,82,83,84">
                    <dxl:Properties>
                      <dxl:Cost StartupCost="0" TotalCost="431.916991" Rows="10013.000000" Width="76"/>
                    </dxl:Properties>
                    <dxl:ProjList>
                      <dxl:ProjElem ColId="74" Alias="a">
                        <dxl:Ident ColId="74" ColName="a" TypeMdid="0.23.1.0"/>
                      </dxl:ProjElem>
                      <dxl:ProjElem ColId="75" Alias="b">
                        <dxl:Ident ColId="75" ColName="b" TypeMdid="0.23.1.0"/>
                      </dxl:ProjElem>
                      <dxl:ProjElem ColId="76" Alias="d">
                        <dxl:Ident ColId="76" ColName="d" TypeMdid="0.23.1.0"/>
                      </dxl:ProjElem>
                      <dxl:ProjElem ColId="77" Alias="ctid">
                        <dxl:Ident ColId="77" ColName="ctid" TypeMdid="0.27.1.0"/>
                      </dxl:ProjElem>
                      <dxl:ProjElem ColId="78" Alias="xmin">
                        <dxl:Ident ColId="78" ColName="xmin" TypeMdid="0.28.1.0"/>
                      </dxl:ProjElem>
                      <dxl:ProjElem ColId="79" Alias="cmin">
                        <dxl:Ident ColId="79" ColName="cmin" TypeMdid="0.29.1.0"/>
                      </dxl:ProjElem>
                      <dxl:ProjElem ColId="80" Alias="xmax">
                        <dxl:Ident ColId="80" ColName="xmax" TypeMdid="0.28.1.0"/>
                      </dxl:ProjElem>
                      <dxl:ProjElem ColId="81" Alias="cmax">
                        <dxl:Ident ColId="81" ColName="cmax" TypeMdid="0.29.1.0"/>
                      </dxl:ProjElem>
                      <dxl:ProjElem ColId="82" Alias="tableoid">
                        <dxl:Ident ColId="82" ColName="tableoid" TypeMdid="0.26.1.0"/>
                      </dxl:ProjElem>
                      <dxl:ProjElem ColId="83" Alias="gp_segment_id">
                        <dxl:Ident ColId="83" ColName="gp_segment_id" TypeMdid="0.23.1.0"/>
                      </dxl:ProjElem>
                      <dxl:ProjElem ColId="84" Alias="count">
                        <dxl:Ident ColId="84" ColName="count" TypeMdid="0.20.1.0"/>
                      </dxl:ProjElem>
                    </dxl:ProjList>
                  </dxl:CTEConsumer>
                </dxl:CTEProducer>
                <dxl:HashJoin JoinType="Inner">
                  <dxl:Properties>
                    <dxl:Cost StartupCost="0" TotalCost="865.751293" Rows="10013.000000" Width="12"/>
                  </dxl:Properties>
                  <dxl:ProjList>
                    <dxl:ProjElem ColId="1" Alias="b">
                      <dxl:Ident ColId="1" ColName="b" TypeMdid="0.23.1.0"/>
                    </dxl:ProjElem>
                    <dxl:ProjElem ColId="10" Alias="count">
                      <dxl:Ident ColId="10" ColName="count" TypeMdid="0.20.1.0"/>
                    </dxl:ProjElem>
                  </dxl:ProjList>
                  <dxl:Filter/>
                  <dxl:JoinFilter/>
                  <dxl:HashCondList>
                    <dxl:Not>
                      <dxl:IsDistinctFrom OperatorMdid="0.96.1.0">
                        <dxl:Ident ColId="0" ColName="a" TypeMdid="0.23.1.0"/>
                        <dxl:Ident ColId="95" ColName="a" TypeMdid="0.23.1.0"/>
                      </dxl:IsDistinctFrom>
                    </dxl:Not>
                  </dxl:HashCondList>
                  <dxl:CTEConsumer CTEId="2" Columns="0,1,2,3,4,5,6,7,8,9,10">
                    <dxl:Properties>
                      <dxl:Cost StartupCost="0" TotalCost="431.193051" Rows="10013.000000" Width="16"/>
                    </dxl:Properties>
                    <dxl:ProjList>
                      <dxl:ProjElem ColId="0" Alias="a">
                        <dxl:Ident ColId="0" ColName="a" TypeMdid="0.23.1.0"/>
                      </dxl:ProjElem>
                      <dxl:ProjElem ColId="1" Alias="b">
                        <dxl:Ident ColId="1" ColName="b" TypeMdid="0.23.1.0"/>
                      </dxl:ProjElem>
                      <dxl:ProjElem ColId="2" Alias="d">
                        <dxl:Ident ColId="2" ColName="d" TypeMdid="0.23.1.0"/>
                      </dxl:ProjElem>
                      <dxl:ProjElem ColId="3" Alias="ctid">
                        <dxl:Ident ColId="3" ColName="ctid" TypeMdid="0.27.1.0"/>
                      </dxl:ProjElem>
                      <dxl:ProjElem ColId="4" Alias="xmin">
                        <dxl:Ident ColId="4" ColName="xmin" TypeMdid="0.28.1.0"/>
                      </dxl:ProjElem>
                      <dxl:ProjElem ColId="5" Alias="cmin">
                        <dxl:Ident ColId="5" ColName="cmin" TypeMdid="0.29.1.0"/>
                      </dxl:ProjElem>
                      <dxl:ProjElem ColId="6" Alias="xmax">
                        <dxl:Ident ColId="6" ColName="xmax" TypeMdid="0.28.1.0"/>
                      </dxl:ProjElem>
                      <dxl:ProjElem ColId="7" Alias="cmax">
                        <dxl:Ident ColId="7" ColName="cmax" TypeMdid="0.29.1.0"/>
                      </dxl:ProjElem>
                      <dxl:ProjElem ColId="8" Alias="tableoid">
                        <dxl:Ident ColId="8" ColName="tableoid" TypeMdid="0.26.1.0"/>
                      </dxl:ProjElem>
                      <dxl:ProjElem ColId="9" Alias="gp_segment_id">
                        <dxl:Ident ColId="9" ColName="gp_segment_id" TypeMdid="0.23.1.0"/>
                      </dxl:ProjElem>
                      <dxl:ProjElem ColId="10" Alias="count">
                        <dxl:Ident ColId="10" ColName="count" TypeMdid="0.20.1.0"/>
                      </dxl:ProjElem>
                    </dxl:ProjList>
                  </dxl:CTEConsumer>
                  <dxl:Aggregate AggregationStrategy="Sorted" StreamSafe="false">
                    <dxl:Properties>
                      <dxl:Cost StartupCost="0" TotalCost="432.474961" Rows="10000.999997" Width="4"/>
                    </dxl:Properties>
                    <dxl:GroupingColumns>
                      <dxl:GroupingColumn ColId="95"/>
                    </dxl:GroupingColumns>
                    <dxl:ProjList>
                      <dxl:ProjElem ColId="105" Alias="count">
                        <dxl:AggFunc AggMdid="0.2147.1.0" AggDistinct="true" AggStage="Normal" TypeMdid="0.20.1.0">
                          <dxl:Ident ColId="95" ColName="a" TypeMdid="0.23.1.0"/>
                        </dxl:AggFunc>
                      </dxl:ProjElem>
                      <dxl:ProjElem ColId="95" Alias="a">
                        <dxl:Ident ColId="95" ColName="a" TypeMdid="0.23.1.0"/>
                      </dxl:ProjElem>
                    </dxl:ProjList>
                    <dxl:Filter/>
                    <dxl:Sort SortDiscardDuplicates="false">
                      <dxl:Properties>
                        <dxl:Cost StartupCost="0" TotalCost="432.443714" Rows="10013.000000" Width="4"/>
                      </dxl:Properties>
                      <dxl:ProjList>
                        <dxl:ProjElem ColId="95" Alias="a">
                          <dxl:Ident ColId="95" ColName="a" TypeMdid="0.23.1.0"/>
                        </dxl:ProjElem>
                        <dxl:ProjElem ColId="96" Alias="b">
                          <dxl:Ident ColId="96" ColName="b" TypeMdid="0.23.1.0"/>
                        </dxl:ProjElem>
                        <dxl:ProjElem ColId="97" Alias="d">
                          <dxl:Ident ColId="97" ColName="d" TypeMdid="0.23.1.0"/>
                        </dxl:ProjElem>
                        <dxl:ProjElem ColId="98" Alias="ctid">
                          <dxl:Ident ColId="98" ColName="ctid" TypeMdid="0.27.1.0"/>
                        </dxl:ProjElem>
                        <dxl:ProjElem ColId="99" Alias="xmin">
                          <dxl:Ident ColId="99" ColName="xmin" TypeMdid="0.28.1.0"/>
                        </dxl:ProjElem>
                        <dxl:ProjElem ColId="100" Alias="cmin">
                          <dxl:Ident ColId="100" ColName="cmin" TypeMdid="0.29.1.0"/>
                        </dxl:ProjElem>
                        <dxl:ProjElem ColId="101" Alias="xmax">
                          <dxl:Ident ColId="101" ColName="xmax" TypeMdid="0.28.1.0"/>
                        </dxl:ProjElem>
                        <dxl:ProjElem ColId="102" Alias="cmax">
                          <dxl:Ident ColId="102" ColName="cmax" TypeMdid="0.29.1.0"/>
                        </dxl:ProjElem>
                        <dxl:ProjElem ColId="103" Alias="tableoid">
                          <dxl:Ident ColId="103" ColName="tableoid" TypeMdid="0.26.1.0"/>
                        </dxl:ProjElem>
                        <dxl:ProjElem ColId="104" Alias="gp_segment_id">
                          <dxl:Ident ColId="104" ColName="gp_segment_id" TypeMdid="0.23.1.0"/>
                        </dxl:ProjElem>
                        <dxl:ProjElem ColId="105" Alias="count">
                          <dxl:Ident ColId="105" ColName="count" TypeMdid="0.20.1.0"/>
                        </dxl:ProjElem>
                      </dxl:ProjList>
                      <dxl:Filter/>
                      <dxl:SortingColumnList>
                        <dxl:SortingColumn ColId="95" SortOperatorMdid="0.97.1.0" SortOperatorName="&lt;" SortNullsFirst="false"/>
                      </dxl:SortingColumnList>
                      <dxl:LimitCount/>
                      <dxl:LimitOffset/>
                      <dxl:CTEConsumer CTEId="2" Columns="95,96,97,98,99,100,101,102,103,104,105">
                        <dxl:Properties>
                          <dxl:Cost StartupCost="0" TotalCost="431.048263" Rows="10013.000000" Width="4"/>
                        </dxl:Properties>
                        <dxl:ProjList>
                          <dxl:ProjElem ColId="95" Alias="a">
                            <dxl:Ident ColId="95" ColName="a" TypeMdid="0.23.1.0"/>
                          </dxl:ProjElem>
                          <dxl:ProjElem ColId="96" Alias="b">
                            <dxl:Ident ColId="96" ColName="b" TypeMdid="0.23.1.0"/>
                          </dxl:ProjElem>
                          <dxl:ProjElem ColId="97" Alias="d">
                            <dxl:Ident ColId="97" ColName="d" TypeMdid="0.23.1.0"/>
                          </dxl:ProjElem>
                          <dxl:ProjElem ColId="98" Alias="ctid">
                            <dxl:Ident ColId="98" ColName="ctid" TypeMdid="0.27.1.0"/>
                          </dxl:ProjElem>
                          <dxl:ProjElem ColId="99" Alias="xmin">
                            <dxl:Ident ColId="99" ColName="xmin" TypeMdid="0.28.1.0"/>
                          </dxl:ProjElem>
                          <dxl:ProjElem ColId="100" Alias="cmin">
                            <dxl:Ident ColId="100" ColName="cmin" TypeMdid="0.29.1.0"/>
                          </dxl:ProjElem>
                          <dxl:ProjElem ColId="101" Alias="xmax">
                            <dxl:Ident ColId="101" ColName="xmax" TypeMdid="0.28.1.0"/>
                          </dxl:ProjElem>
                          <dxl:ProjElem ColId="102" Alias="cmax">
                            <dxl:Ident ColId="102" ColName="cmax" TypeMdid="0.29.1.0"/>
                          </dxl:ProjElem>
                          <dxl:ProjElem ColId="103" Alias="tableoid">
                            <dxl:Ident ColId="103" ColName="tableoid" TypeMdid="0.26.1.0"/>
                          </dxl:ProjElem>
                          <dxl:ProjElem ColId="104" Alias="gp_segment_id">
                            <dxl:Ident ColId="104" ColName="gp_segment_id" TypeMdid="0.23.1.0"/>
                          </dxl:ProjElem>
                          <dxl:ProjElem ColId="105" Alias="count">
                            <dxl:Ident ColId="105" ColName="count" TypeMdid="0.20.1.0"/>
                          </dxl:ProjElem>
                        </dxl:ProjList>
                      </dxl:CTEConsumer>
                    </dxl:Sort>
                  </dxl:Aggregate>
                </dxl:HashJoin>
              </dxl:Sequence>
            </dxl:RedistributeMotion>
            <dxl:Aggregate AggregationStrategy="Sorted" StreamSafe="false">
              <dxl:Properties>
                <dxl:Cost StartupCost="0" TotalCost="434.086522" Rows="10006.000002" Width="12"/>
              </dxl:Properties>
              <dxl:GroupingColumns>
                <dxl:GroupingColumn ColId="44"/>
              </dxl:GroupingColumns>
              <dxl:ProjList>
                <dxl:ProjElem ColId="11" Alias="sum">
                  <dxl:AggFunc AggMdid="0.2108.1.0" AggDistinct="true" AggStage="Normal" TypeMdid="0.20.1.0">
                    <dxl:Ident ColId="43" ColName="a" TypeMdid="0.23.1.0"/>
                  </dxl:AggFunc>
                </dxl:ProjElem>
                <dxl:ProjElem ColId="44" Alias="b">
                  <dxl:Ident ColId="44" ColName="b" TypeMdid="0.23.1.0"/>
                </dxl:ProjElem>
              </dxl:ProjList>
              <dxl:Filter/>
              <dxl:Sort SortDiscardDuplicates="false">
                <dxl:Properties>
                  <dxl:Cost StartupCost="0" TotalCost="434.012790" Rows="10013.000000" Width="8"/>
                </dxl:Properties>
                <dxl:ProjList>
                  <dxl:ProjElem ColId="43" Alias="a">
                    <dxl:Ident ColId="43" ColName="a" TypeMdid="0.23.1.0"/>
                  </dxl:ProjElem>
                  <dxl:ProjElem ColId="44" Alias="b">
                    <dxl:Ident ColId="44" ColName="b" TypeMdid="0.23.1.0"/>
                  </dxl:ProjElem>
                </dxl:ProjList>
                <dxl:Filter/>
                <dxl:SortingColumnList>
                  <dxl:SortingColumn ColId="44" SortOperatorMdid="0.97.1.0" SortOperatorName="&lt;" SortNullsFirst="false"/>
                </dxl:SortingColumnList>
                <dxl:LimitCount/>
                <dxl:LimitOffset/>
                <dxl:RedistributeMotion InputSegments="0,1" OutputSegments="0,1">
                  <dxl:Properties>
                    <dxl:Cost StartupCost="0" TotalCost="431.221888" Rows="10013.000000" Width="8"/>
                  </dxl:Properties>
                  <dxl:ProjList>
                    <dxl:ProjElem ColId="43" Alias="a">
                      <dxl:Ident ColId="43" ColName="a" TypeMdid="0.23.1.0"/>
                    </dxl:ProjElem>
                    <dxl:ProjElem ColId="44" Alias="b">
                      <dxl:Ident ColId="44" ColName="b" TypeMdid="0.23.1.0"/>
                    </dxl:ProjElem>
                  </dxl:ProjList>
                  <dxl:Filter/>
                  <dxl:SortingColumnList/>
                  <dxl:HashExprList>
                    <dxl:HashExpr TypeMdid="0.23.1.0">
                      <dxl:Ident ColId="44" ColName="b" TypeMdid="0.23.1.0"/>
                    </dxl:HashExpr>
                  </dxl:HashExprList>
                  <dxl:Result>
                    <dxl:Properties>
                      <dxl:Cost StartupCost="0" TotalCost="431.096525" Rows="10013.000000" Width="8"/>
                    </dxl:Properties>
                    <dxl:ProjList>
                      <dxl:ProjElem ColId="43" Alias="a">
                        <dxl:Ident ColId="43" ColName="a" TypeMdid="0.23.1.0"/>
                      </dxl:ProjElem>
                      <dxl:ProjElem ColId="44" Alias="b">
                        <dxl:Ident ColId="44" ColName="b" TypeMdid="0.23.1.0"/>
                      </dxl:ProjElem>
                    </dxl:ProjList>
                    <dxl:Filter/>
                    <dxl:OneTimeFilter/>
                    <dxl:CTEConsumer CTEId="0" Columns="43,44,45,46,47,48,49,50,51,52,53">
                      <dxl:Properties>
                        <dxl:Cost StartupCost="0" TotalCost="431.096525" Rows="10013.000000" Width="8"/>
                      </dxl:Properties>
                      <dxl:ProjList>
                        <dxl:ProjElem ColId="43" Alias="a">
                          <dxl:Ident ColId="43" ColName="a" TypeMdid="0.23.1.0"/>
                        </dxl:ProjElem>
                        <dxl:ProjElem ColId="44" Alias="b">
                          <dxl:Ident ColId="44" ColName="b" TypeMdid="0.23.1.0"/>
                        </dxl:ProjElem>
                        <dxl:ProjElem ColId="45" Alias="d">
                          <dxl:Ident ColId="45" ColName="d" TypeMdid="0.23.1.0"/>
                        </dxl:ProjElem>
                        <dxl:ProjElem ColId="46" Alias="ctid">
                          <dxl:Ident ColId="46" ColName="ctid" TypeMdid="0.27.1.0"/>
                        </dxl:ProjElem>
                        <dxl:ProjElem ColId="47" Alias="xmin">
                          <dxl:Ident ColId="47" ColName="xmin" TypeMdid="0.28.1.0"/>
                        </dxl:ProjElem>
                        <dxl:ProjElem ColId="48" Alias="cmin">
                          <dxl:Ident ColId="48" ColName="cmin" TypeMdid="0.29.1.0"/>
                        </dxl:ProjElem>
                        <dxl:ProjElem ColId="49" Alias="xmax">
                          <dxl:Ident ColId="49" ColName="xmax" TypeMdid="0.28.1.0"/>
                        </dxl:ProjElem>
                        <dxl:ProjElem ColId="50" Alias="cmax">
                          <dxl:Ident ColId="50" ColName="cmax" TypeMdid="0.29.1.0"/>
                        </dxl:ProjElem>
                        <dxl:ProjElem ColId="51" Alias="tableoid">
                          <dxl:Ident ColId="51" ColName="tableoid" TypeMdid="0.26.1.0"/>
                        </dxl:ProjElem>
                        <dxl:ProjElem ColId="52" Alias="gp_segment_id">
                          <dxl:Ident ColId="52" ColName="gp_segment_id" TypeMdid="0.23.1.0"/>
                        </dxl:ProjElem>
                        <dxl:ProjElem ColId="53" Alias="count">
                          <dxl:Ident ColId="53" ColName="count" TypeMdid="0.20.1.0"/>
                        </dxl:ProjElem>
                      </dxl:ProjList>
                    </dxl:CTEConsumer>
                  </dxl:Result>
                </dxl:RedistributeMotion>
              </dxl:Sort>
            </dxl:Aggregate>
          </dxl:HashJoin>
        </dxl:Sequence>
      </dxl:GatherMotion>
    </dxl:Plan>
  </dxl:Thread>
</dxl:DXLMessage>
