<?xml version="1.0" encoding="UTF-8"?>
<dxl:DXLMessage xmlns:dxl="http://greenplum.com/dxl/2010/12/">
  <!--
SQL: select count(distinct a) over(), sum(distinct a) over(), avg(distinct b) over()  from t;
-->
  <dxl:Thread Id="0">
    <dxl:OptimizerConfig>
      <dxl:EnumeratorConfig Id="0" PlanSamples="0" CostThreshold="0"/>
      <dxl:StatisticsConfig DampingFactorFilter="0.750000" DampingFactorJoin="0.010000" DampingFactorGroupBy="0.750000"/>
      <dxl:CTEConfig CTEInliningCutoff="0"/> 
      <dxl:WindowOids RowNumber="7000" Rank="7001"/>
      <dxl:CostModelConfig CostModelType="1" SegmentsForCosting="2">
        <dxl:CostParams>
          <dxl:CostParam Name="NLJFactor" Value="1.000000" LowerBound="0.500000" UpperBound="1.500000"/>
        </dxl:CostParams>
      </dxl:CostModelConfig>
      <dxl:TraceFlags Value="102120,103001,103014,103015,105000"/>
    </dxl:OptimizerConfig>
    <dxl:Metadata SystemIds="0.GPDB">
    </dxl:Metadata>
    <dxl:Query>
      <dxl:OutputColumns>
        <dxl:Ident ColId="11" ColName="count" TypeMdid="0.20.1.0"/>
        <dxl:Ident ColId="12" ColName="sum" TypeMdid="0.20.1.0"/>
        <dxl:Ident ColId="13" ColName="avg" TypeMdid="0.1700.1.0"/>
      </dxl:OutputColumns>
      <dxl:CTEList/>
      <dxl:LogicalWindow>
        <dxl:WindowSpecList>
          <dxl:WindowSpec PartitionColumns=""/>
        </dxl:WindowSpecList>
        <dxl:ProjList>
          <dxl:ProjElem ColId="11" Alias="count">
            <dxl:WindowFunc Mdid="0.2147.1.0" TypeMdid="0.20.1.0" Distinct="true" WindowStarArg="false" WindowSimpleAgg="false" WindowStrategy="Immediate" WinSpecPos="0">
              <dxl:Ident ColId="1" ColName="a" TypeMdid="0.23.1.0"/>
            </dxl:WindowFunc>
          </dxl:ProjElem>
          <dxl:ProjElem ColId="12" Alias="sum">
            <dxl:WindowFunc Mdid="0.2108.1.0" TypeMdid="0.20.1.0" Distinct="true" WindowStarArg="false" WindowSimpleAgg="false" WindowStrategy="Immediate" WinSpecPos="0">
              <dxl:Ident ColId="1" ColName="a" TypeMdid="0.23.1.0"/>
            </dxl:WindowFunc>
          </dxl:ProjElem>
          <dxl:ProjElem ColId="13" Alias="avg">
            <dxl:WindowFunc Mdid="0.2101.1.0" TypeMdid="0.1700.1.0" Distinct="true" WindowStarArg="false" WindowSimpleAgg="false" WindowStrategy="Immediate" WinSpecPos="0">
              <dxl:Ident ColId="2" ColName="b" TypeMdid="0.23.1.0"/>
            </dxl:WindowFunc>
          </dxl:ProjElem>
        </dxl:ProjList>
        <dxl:LogicalGet>
          <dxl:TableDescriptor Mdid="0.19556034.1.1" TableName="t">
            <dxl:Columns>
              <dxl:Column ColId="1" Attno="1" ColName="a" TypeMdid="0.23.1.0"/>
              <dxl:Column ColId="2" Attno="2" ColName="b" TypeMdid="0.23.1.0"/>
              <dxl:Column ColId="3" Attno="3" ColName="d" TypeMdid="0.23.1.0"/>
              <dxl:Column ColId="4" Attno="-1" ColName="ctid" TypeMdid="0.27.1.0"/>
              <dxl:Column ColId="5" Attno="-3" ColName="xmin" TypeMdid="0.28.1.0"/>
              <dxl:Column ColId="6" Attno="-4" ColName="cmin" TypeMdid="0.29.1.0"/>
              <dxl:Column ColId="7" Attno="-5" ColName="xmax" TypeMdid="0.28.1.0"/>
              <dxl:Column ColId="8" Attno="-6" ColName="cmax" TypeMdid="0.29.1.0"/>
              <dxl:Column ColId="9" Attno="-7" ColName="tableoid" TypeMdid="0.26.1.0"/>
              <dxl:Column ColId="10" Attno="-8" ColName="gp_segment_id" TypeMdid="0.23.1.0"/>
            </dxl:Columns>
          </dxl:TableDescriptor>
        </dxl:LogicalGet>
      </dxl:LogicalWindow>
    </dxl:Query>
    <dxl:Plan Id="0" SpaceSize="0">
      <dxl:Sequence>
        <dxl:Properties>
          <dxl:Cost StartupCost="0" TotalCost="1356909060.684416" Rows="10013.000000" Width="24"/>
        </dxl:Properties>
        <dxl:ProjList>
          <dxl:ProjElem ColId="10" Alias="count">
            <dxl:Ident ColId="10" ColName="count" TypeMdid="0.20.1.0"/>
          </dxl:ProjElem>
          <dxl:ProjElem ColId="11" Alias="sum">
            <dxl:Ident ColId="11" ColName="sum" TypeMdid="0.20.1.0"/>
          </dxl:ProjElem>
          <dxl:ProjElem ColId="12" Alias="avg">
            <dxl:Ident ColId="12" ColName="avg" TypeMdid="0.1700.1.0"/>
          </dxl:ProjElem>
        </dxl:ProjList>
        <dxl:CTEProducer CTEId="0" Columns="13,14,15,16,17,18,19,20,21,22">
          <dxl:Properties>
            <dxl:Cost StartupCost="0" TotalCost="434.887647" Rows="10013.000000" Width="1"/>
          </dxl:Properties>
          <dxl:ProjList>
            <dxl:ProjElem ColId="13" Alias="a">
              <dxl:Ident ColId="13" ColName="a" TypeMdid="0.23.1.0"/>
            </dxl:ProjElem>
            <dxl:ProjElem ColId="14" Alias="b">
              <dxl:Ident ColId="14" ColName="b" TypeMdid="0.23.1.0"/>
            </dxl:ProjElem>
            <dxl:ProjElem ColId="15" Alias="d">
              <dxl:Ident ColId="15" ColName="d" TypeMdid="0.23.1.0"/>
            </dxl:ProjElem>
            <dxl:ProjElem ColId="16" Alias="ctid">
              <dxl:Ident ColId="16" ColName="ctid" TypeMdid="0.27.1.0"/>
            </dxl:ProjElem>
            <dxl:ProjElem ColId="17" Alias="xmin">
              <dxl:Ident ColId="17" ColName="xmin" TypeMdid="0.28.1.0"/>
            </dxl:ProjElem>
            <dxl:ProjElem ColId="18" Alias="cmin">
              <dxl:Ident ColId="18" ColName="cmin" TypeMdid="0.29.1.0"/>
            </dxl:ProjElem>
            <dxl:ProjElem ColId="19" Alias="xmax">
              <dxl:Ident ColId="19" ColName="xmax" TypeMdid="0.28.1.0"/>
            </dxl:ProjElem>
            <dxl:ProjElem ColId="20" Alias="cmax">
              <dxl:Ident ColId="20" ColName="cmax" TypeMdid="0.29.1.0"/>
            </dxl:ProjElem>
            <dxl:ProjElem ColId="21" Alias="tableoid">
              <dxl:Ident ColId="21" ColName="tableoid" TypeMdid="0.26.1.0"/>
            </dxl:ProjElem>
            <dxl:ProjElem ColId="22" Alias="gp_segment_id">
              <dxl:Ident ColId="22" ColName="gp_segment_id" TypeMdid="0.23.1.0"/>
            </dxl:ProjElem>
          </dxl:ProjList>
          <dxl:GatherMotion InputSegments="0,1" OutputSegments="-1">
            <dxl:Properties>
              <dxl:Cost StartupCost="0" TotalCost="434.877634" Rows="10013.000000" Width="68"/>
            </dxl:Properties>
            <dxl:ProjList>
              <dxl:ProjElem ColId="13" Alias="a">
                <dxl:Ident ColId="13" ColName="a" TypeMdid="0.23.1.0"/>
              </dxl:ProjElem>
              <dxl:ProjElem ColId="14" Alias="b">
                <dxl:Ident ColId="14" ColName="b" TypeMdid="0.23.1.0"/>
              </dxl:ProjElem>
              <dxl:ProjElem ColId="15" Alias="d">
                <dxl:Ident ColId="15" ColName="d" TypeMdid="0.23.1.0"/>
              </dxl:ProjElem>
              <dxl:ProjElem ColId="16" Alias="ctid">
                <dxl:Ident ColId="16" ColName="ctid" TypeMdid="0.27.1.0"/>
              </dxl:ProjElem>
              <dxl:ProjElem ColId="17" Alias="xmin">
                <dxl:Ident ColId="17" ColName="xmin" TypeMdid="0.28.1.0"/>
              </dxl:ProjElem>
              <dxl:ProjElem ColId="18" Alias="cmin">
                <dxl:Ident ColId="18" ColName="cmin" TypeMdid="0.29.1.0"/>
              </dxl:ProjElem>
              <dxl:ProjElem ColId="19" Alias="xmax">
                <dxl:Ident ColId="19" ColName="xmax" TypeMdid="0.28.1.0"/>
              </dxl:ProjElem>
              <dxl:ProjElem ColId="20" Alias="cmax">
                <dxl:Ident ColId="20" ColName="cmax" TypeMdid="0.29.1.0"/>
              </dxl:ProjElem>
              <dxl:ProjElem ColId="21" Alias="tableoid">
                <dxl:Ident ColId="21" ColName="tableoid" TypeMdid="0.26.1.0"/>
              </dxl:ProjElem>
              <dxl:ProjElem ColId="22" Alias="gp_segment_id">
                <dxl:Ident ColId="22" ColName="gp_segment_id" TypeMdid="0.23.1.0"/>
              </dxl:ProjElem>
            </dxl:ProjList>
            <dxl:Filter/>
            <dxl:SortingColumnList/>
            <dxl:TableScan>
              <dxl:Properties>
                <dxl:Cost StartupCost="0" TotalCost="431.187243" Rows="10013.000000" Width="68"/>
              </dxl:Properties>
              <dxl:ProjList>
                <dxl:ProjElem ColId="13" Alias="a">
                  <dxl:Ident ColId="13" ColName="a" TypeMdid="0.23.1.0"/>
                </dxl:ProjElem>
                <dxl:ProjElem ColId="14" Alias="b">
                  <dxl:Ident ColId="14" ColName="b" TypeMdid="0.23.1.0"/>
                </dxl:ProjElem>
                <dxl:ProjElem ColId="15" Alias="d">
                  <dxl:Ident ColId="15" ColName="d" TypeMdid="0.23.1.0"/>
                </dxl:ProjElem>
                <dxl:ProjElem ColId="16" Alias="ctid">
                  <dxl:Ident ColId="16" ColName="ctid" TypeMdid="0.27.1.0"/>
                </dxl:ProjElem>
                <dxl:ProjElem ColId="17" Alias="xmin">
                  <dxl:Ident ColId="17" ColName="xmin" TypeMdid="0.28.1.0"/>
                </dxl:ProjElem>
                <dxl:ProjElem ColId="18" Alias="cmin">
                  <dxl:Ident ColId="18" ColName="cmin" TypeMdid="0.29.1.0"/>
                </dxl:ProjElem>
                <dxl:ProjElem ColId="19" Alias="xmax">
                  <dxl:Ident ColId="19" ColName="xmax" TypeMdid="0.28.1.0"/>
                </dxl:ProjElem>
                <dxl:ProjElem ColId="20" Alias="cmax">
                  <dxl:Ident ColId="20" ColName="cmax" TypeMdid="0.29.1.0"/>
                </dxl:ProjElem>
                <dxl:ProjElem ColId="21" Alias="tableoid">
                  <dxl:Ident ColId="21" ColName="tableoid" TypeMdid="0.26.1.0"/>
                </dxl:ProjElem>
                <dxl:ProjElem ColId="22" Alias="gp_segment_id">
                  <dxl:Ident ColId="22" ColName="gp_segment_id" TypeMdid="0.23.1.0"/>
                </dxl:ProjElem>
              </dxl:ProjList>
              <dxl:Filter/>
              <dxl:TableDescriptor Mdid="0.19556034.1.1" TableName="t">
                <dxl:Columns>
                  <dxl:Column ColId="13" Attno="1" ColName="a" TypeMdid="0.23.1.0"/>
                  <dxl:Column ColId="14" Attno="2" ColName="b" TypeMdid="0.23.1.0"/>
                  <dxl:Column ColId="15" Attno="3" ColName="d" TypeMdid="0.23.1.0"/>
                  <dxl:Column ColId="16" Attno="-1" ColName="ctid" TypeMdid="0.27.1.0"/>
                  <dxl:Column ColId="17" Attno="-3" ColName="xmin" TypeMdid="0.28.1.0"/>
                  <dxl:Column ColId="18" Attno="-4" ColName="cmin" TypeMdid="0.29.1.0"/>
                  <dxl:Column ColId="19" Attno="-5" ColName="xmax" TypeMdid="0.28.1.0"/>
                  <dxl:Column ColId="20" Attno="-6" ColName="cmax" TypeMdid="0.29.1.0"/>
                  <dxl:Column ColId="21" Attno="-7" ColName="tableoid" TypeMdid="0.26.1.0"/>
                  <dxl:Column ColId="22" Attno="-8" ColName="gp_segment_id" TypeMdid="0.23.1.0"/>
                </dxl:Columns>
              </dxl:TableDescriptor>
            </dxl:TableScan>
          </dxl:GatherMotion>
        </dxl:CTEProducer>
        <dxl:GatherMotion InputSegments="0,1" OutputSegments="-1">
          <dxl:Properties>
            <dxl:Cost StartupCost="0" TotalCost="1356908625.556456" Rows="10013.000000" Width="24"/>
          </dxl:Properties>
          <dxl:ProjList>
            <dxl:ProjElem ColId="10" Alias="count">
              <dxl:Ident ColId="10" ColName="count" TypeMdid="0.20.1.0"/>
            </dxl:ProjElem>
            <dxl:ProjElem ColId="11" Alias="sum">
              <dxl:Ident ColId="11" ColName="sum" TypeMdid="0.20.1.0"/>
            </dxl:ProjElem>
            <dxl:ProjElem ColId="12" Alias="avg">
              <dxl:Ident ColId="12" ColName="avg" TypeMdid="0.1700.1.0"/>
            </dxl:ProjElem>
          </dxl:ProjList>
          <dxl:Filter/>
          <dxl:SortingColumnList/>
          <dxl:NestedLoopJoin JoinType="Inner" IndexNestedLoopJoin="false">
            <dxl:Properties>
              <dxl:Cost StartupCost="0" TotalCost="1356908624.477455" Rows="10013.000000" Width="24"/>
            </dxl:Properties>
            <dxl:ProjList>
              <dxl:ProjElem ColId="10" Alias="count">
                <dxl:Ident ColId="10" ColName="count" TypeMdid="0.20.1.0"/>
              </dxl:ProjElem>
              <dxl:ProjElem ColId="11" Alias="sum">
                <dxl:Ident ColId="11" ColName="sum" TypeMdid="0.20.1.0"/>
              </dxl:ProjElem>
              <dxl:ProjElem ColId="12" Alias="avg">
                <dxl:Ident ColId="12" ColName="avg" TypeMdid="0.1700.1.0"/>
              </dxl:ProjElem>
            </dxl:ProjList>
            <dxl:Filter/>
            <dxl:JoinFilter>
              <dxl:ConstValue TypeMdid="0.16.1.0" Value="true"/>
            </dxl:JoinFilter>
            <dxl:BroadcastMotion InputSegments="-1" OutputSegments="0,1">
              <dxl:Properties>
                <dxl:Cost StartupCost="0" TotalCost="1324243.589492" Rows="2.000000" Width="24"/>
              </dxl:Properties>
              <dxl:ProjList>
                <dxl:ProjElem ColId="10" Alias="count">
                  <dxl:Ident ColId="10" ColName="count" TypeMdid="0.20.1.0"/>
                </dxl:ProjElem>
                <dxl:ProjElem ColId="11" Alias="sum">
                  <dxl:Ident ColId="11" ColName="sum" TypeMdid="0.20.1.0"/>
                </dxl:ProjElem>
                <dxl:ProjElem ColId="12" Alias="avg">
                  <dxl:Ident ColId="12" ColName="avg" TypeMdid="0.1700.1.0"/>
                </dxl:ProjElem>
              </dxl:ProjList>
              <dxl:Filter/>
              <dxl:SortingColumnList/>
              <dxl:NestedLoopJoin JoinType="Inner" IndexNestedLoopJoin="false">
                <dxl:Properties>
                  <dxl:Cost StartupCost="0" TotalCost="1324243.588235" Rows="1.000000" Width="24"/>
                </dxl:Properties>
                <dxl:ProjList>
                  <dxl:ProjElem ColId="10" Alias="count">
                    <dxl:Ident ColId="10" ColName="count" TypeMdid="0.20.1.0"/>
                  </dxl:ProjElem>
                  <dxl:ProjElem ColId="11" Alias="sum">
                    <dxl:Ident ColId="11" ColName="sum" TypeMdid="0.20.1.0"/>
                  </dxl:ProjElem>
                  <dxl:ProjElem ColId="12" Alias="avg">
                    <dxl:Ident ColId="12" ColName="avg" TypeMdid="0.1700.1.0"/>
                  </dxl:ProjElem>
                </dxl:ProjList>
                <dxl:Filter/>
                <dxl:JoinFilter>
                  <dxl:ConstValue TypeMdid="0.16.1.0" Value="true"/>
                </dxl:JoinFilter>
                <dxl:Aggregate AggregationStrategy="Plain" StreamSafe="false">
                  <dxl:Properties>
                    <dxl:Cost StartupCost="0" TotalCost="431.105497" Rows="1.000000" Width="16"/>
                  </dxl:Properties>
                  <dxl:GroupingColumns/>
                  <dxl:ProjList>
                    <dxl:ProjElem ColId="10" Alias="count">
                      <dxl:AggFunc AggMdid="0.2147.1.0" AggDistinct="true" AggStage="Normal" TypeMdid="0.20.1.0">
                        <dxl:Ident ColId="23" ColName="a" TypeMdid="0.23.1.0"/>
                      </dxl:AggFunc>
                    </dxl:ProjElem>
                    <dxl:ProjElem ColId="11" Alias="sum">
                      <dxl:AggFunc AggMdid="0.2108.1.0" AggDistinct="true" AggStage="Normal" TypeMdid="0.20.1.0">
                        <dxl:Ident ColId="23" ColName="a" TypeMdid="0.23.1.0"/>
                      </dxl:AggFunc>
                    </dxl:ProjElem>
                  </dxl:ProjList>
                  <dxl:Filter/>
                  <dxl:CTEConsumer CTEId="0" Columns="23,24,25,26,27,28,29,30,31,32">
                    <dxl:Properties>
                      <dxl:Cost StartupCost="0" TotalCost="431.096525" Rows="10013.000000" Width="4"/>
                    </dxl:Properties>
                    <dxl:ProjList>
                      <dxl:ProjElem ColId="23" Alias="a">
                        <dxl:Ident ColId="23" ColName="a" TypeMdid="0.23.1.0"/>
                      </dxl:ProjElem>
                      <dxl:ProjElem ColId="24" Alias="b">
                        <dxl:Ident ColId="24" ColName="b" TypeMdid="0.23.1.0"/>
                      </dxl:ProjElem>
                      <dxl:ProjElem ColId="25" Alias="d">
                        <dxl:Ident ColId="25" ColName="d" TypeMdid="0.23.1.0"/>
                      </dxl:ProjElem>
                      <dxl:ProjElem ColId="26" Alias="ctid">
                        <dxl:Ident ColId="26" ColName="ctid" TypeMdid="0.27.1.0"/>
                      </dxl:ProjElem>
                      <dxl:ProjElem ColId="27" Alias="xmin">
                        <dxl:Ident ColId="27" ColName="xmin" TypeMdid="0.28.1.0"/>
                      </dxl:ProjElem>
                      <dxl:ProjElem ColId="28" Alias="cmin">
                        <dxl:Ident ColId="28" ColName="cmin" TypeMdid="0.29.1.0"/>
                      </dxl:ProjElem>
                      <dxl:ProjElem ColId="29" Alias="xmax">
                        <dxl:Ident ColId="29" ColName="xmax" TypeMdid="0.28.1.0"/>
                      </dxl:ProjElem>
                      <dxl:ProjElem ColId="30" Alias="cmax">
                        <dxl:Ident ColId="30" ColName="cmax" TypeMdid="0.29.1.0"/>
                      </dxl:ProjElem>
                      <dxl:ProjElem ColId="31" Alias="tableoid">
                        <dxl:Ident ColId="31" ColName="tableoid" TypeMdid="0.26.1.0"/>
                      </dxl:ProjElem>
                      <dxl:ProjElem ColId="32" Alias="gp_segment_id">
                        <dxl:Ident ColId="32" ColName="gp_segment_id" TypeMdid="0.23.1.0"/>
                      </dxl:ProjElem>
                    </dxl:ProjList>
                  </dxl:CTEConsumer>
                </dxl:Aggregate>
                <dxl:Materialize Eager="false">
                  <dxl:Properties>
                    <dxl:Cost StartupCost="0" TotalCost="431.101019" Rows="1.000000" Width="8"/>
                  </dxl:Properties>
                  <dxl:ProjList>
                    <dxl:ProjElem ColId="12" Alias="avg">
                      <dxl:Ident ColId="12" ColName="avg" TypeMdid="0.1700.1.0"/>
                    </dxl:ProjElem>
                  </dxl:ProjList>
                  <dxl:Filter/>
                  <dxl:Aggregate AggregationStrategy="Plain" StreamSafe="false">
                    <dxl:Properties>
                      <dxl:Cost StartupCost="0" TotalCost="431.101011" Rows="1.000000" Width="8"/>
                    </dxl:Properties>
                    <dxl:GroupingColumns/>
                    <dxl:ProjList>
                      <dxl:ProjElem ColId="12" Alias="avg">
                        <dxl:AggFunc AggMdid="0.2101.1.0" AggDistinct="true" AggStage="Normal" TypeMdid="0.1700.1.0">
                          <dxl:Ident ColId="24" ColName="b" TypeMdid="0.23.1.0"/>
                        </dxl:AggFunc>
                      </dxl:ProjElem>
                    </dxl:ProjList>
                    <dxl:Filter/>
                    <dxl:CTEConsumer CTEId="0" Columns="23,24,25,26,27,28,29,30,31,32">
                      <dxl:Properties>
                        <dxl:Cost StartupCost="0" TotalCost="431.096525" Rows="10013.000000" Width="4"/>
                      </dxl:Properties>
                      <dxl:ProjList>
                        <dxl:ProjElem ColId="23" Alias="a">
                          <dxl:Ident ColId="23" ColName="a" TypeMdid="0.23.1.0"/>
                        </dxl:ProjElem>
                        <dxl:ProjElem ColId="24" Alias="b">
                          <dxl:Ident ColId="24" ColName="b" TypeMdid="0.23.1.0"/>
                        </dxl:ProjElem>
                        <dxl:ProjElem ColId="25" Alias="d">
                          <dxl:Ident ColId="25" ColName="d" TypeMdid="0.23.1.0"/>
                        </dxl:ProjElem>
                        <dxl:ProjElem ColId="26" Alias="ctid">
                          <dxl:Ident ColId="26" ColName="ctid" TypeMdid="0.27.1.0"/>
                        </dxl:ProjElem>
                        <dxl:ProjElem ColId="27" Alias="xmin">
                          <dxl:Ident ColId="27" ColName="xmin" TypeMdid="0.28.1.0"/>
                        </dxl:ProjElem>
                        <dxl:ProjElem ColId="28" Alias="cmin">
                          <dxl:Ident ColId="28" ColName="cmin" TypeMdid="0.29.1.0"/>
                        </dxl:ProjElem>
                        <dxl:ProjElem ColId="29" Alias="xmax">
                          <dxl:Ident ColId="29" ColName="xmax" TypeMdid="0.28.1.0"/>
                        </dxl:ProjElem>
                        <dxl:ProjElem ColId="30" Alias="cmax">
                          <dxl:Ident ColId="30" ColName="cmax" TypeMdid="0.29.1.0"/>
                        </dxl:ProjElem>
                        <dxl:ProjElem ColId="31" Alias="tableoid">
                          <dxl:Ident ColId="31" ColName="tableoid" TypeMdid="0.26.1.0"/>
                        </dxl:ProjElem>
                        <dxl:ProjElem ColId="32" Alias="gp_segment_id">
                          <dxl:Ident ColId="32" ColName="gp_segment_id" TypeMdid="0.23.1.0"/>
                        </dxl:ProjElem>
                      </dxl:ProjList>
                    </dxl:CTEConsumer>
                  </dxl:Aggregate>
                </dxl:Materialize>
              </dxl:NestedLoopJoin>
            </dxl:BroadcastMotion>
            <dxl:Materialize Eager="false">
              <dxl:Properties>
                <dxl:Cost StartupCost="0" TotalCost="431.056473" Rows="10013.000000" Width="1"/>
              </dxl:Properties>
              <dxl:ProjList/>
              <dxl:Filter/>
              <dxl:RandomMotion InputSegments="-1" OutputSegments="0,1">
                <dxl:Properties>
                  <dxl:Cost StartupCost="0" TotalCost="431.051467" Rows="10013.000000" Width="1"/>
                </dxl:Properties>
                <dxl:ProjList/>
                <dxl:Filter/>
                <dxl:SortingColumnList/>
                <dxl:Result>
                  <dxl:Properties>
                    <dxl:Cost StartupCost="0" TotalCost="431.024131" Rows="10013.000000" Width="1"/>
                  </dxl:Properties>
                  <dxl:ProjList/>
                  <dxl:Filter/>
                  <dxl:OneTimeFilter/>
                  <dxl:CTEConsumer CTEId="0" Columns="0,1,2,3,4,5,6,7,8,9">
                    <dxl:Properties>
                      <dxl:Cost StartupCost="0" TotalCost="431.024131" Rows="10013.000000" Width="1"/>
                    </dxl:Properties>
                    <dxl:ProjList>
                      <dxl:ProjElem ColId="0" Alias="a">
                        <dxl:Ident ColId="0" ColName="a" TypeMdid="0.23.1.0"/>
                      </dxl:ProjElem>
                      <dxl:ProjElem ColId="1" Alias="b">
                        <dxl:Ident ColId="1" ColName="b" TypeMdid="0.23.1.0"/>
                      </dxl:ProjElem>
                      <dxl:ProjElem ColId="2" Alias="d">
                        <dxl:Ident ColId="2" ColName="d" TypeMdid="0.23.1.0"/>
                      </dxl:ProjElem>
                      <dxl:ProjElem ColId="3" Alias="ctid">
                        <dxl:Ident ColId="3" ColName="ctid" TypeMdid="0.27.1.0"/>
                      </dxl:ProjElem>
                      <dxl:ProjElem ColId="4" Alias="xmin">
                        <dxl:Ident ColId="4" ColName="xmin" TypeMdid="0.28.1.0"/>
                      </dxl:ProjElem>
                      <dxl:ProjElem ColId="5" Alias="cmin">
                        <dxl:Ident ColId="5" ColName="cmin" TypeMdid="0.29.1.0"/>
                      </dxl:ProjElem>
                      <dxl:ProjElem ColId="6" Alias="xmax">
                        <dxl:Ident ColId="6" ColName="xmax" TypeMdid="0.28.1.0"/>
                      </dxl:ProjElem>
                      <dxl:ProjElem ColId="7" Alias="cmax">
                        <dxl:Ident ColId="7" ColName="cmax" TypeMdid="0.29.1.0"/>
                      </dxl:ProjElem>
                      <dxl:ProjElem ColId="8" Alias="tableoid">
                        <dxl:Ident ColId="8" ColName="tableoid" TypeMdid="0.26.1.0"/>
                      </dxl:ProjElem>
                      <dxl:ProjElem ColId="9" Alias="gp_segment_id">
                        <dxl:Ident ColId="9" ColName="gp_segment_id" TypeMdid="0.23.1.0"/>
                      </dxl:ProjElem>
                    </dxl:ProjList>
                  </dxl:CTEConsumer>
                </dxl:Result>
              </dxl:RandomMotion>
            </dxl:Materialize>
          </dxl:NestedLoopJoin>
        </dxl:GatherMotion>
      </dxl:Sequence>
    </dxl:Plan>
  </dxl:Thread>
</dxl:DXLMessage>
