<?xml version="1.0" encoding="UTF-8"?>
<dxl:DXLMessage xmlns:dxl="http://greenplum.com/dxl/2010/12/">
  <!--
SQL:
select * from x where x.i in (select last_value(y.i) over(partition by x.i order by x.j rows between x.i preceding and x.j following) from y);
-->
  <dxl:Thread Id="0">
    <dxl:OptimizerConfig>
      <dxl:EnumeratorConfig Id="0" PlanSamples="0" CostThreshold="0"/>
      <dxl:StatisticsConfig DampingFactorFilter="0.750000" DampingFactorJoin="0.010000" DampingFactorGroupBy="0.750000"/>
      <dxl:CTEConfig CTEInliningCutoff="0"/> 
      <dxl:WindowOids RowNumber="7000" Rank="7001"/>
      <dxl:CostModelConfig CostModelType="1" SegmentsForCosting="2">
        <dxl:CostParams>
          <dxl:CostParam Name="NLJFactor" Value="1.000000" LowerBound="0.500000" UpperBound="1.500000"/>
        </dxl:CostParams>
      </dxl:CostModelConfig>
      <dxl:TraceFlags Value="102024,102025,102115,102116,102117,102119,102121,103001,103016"/>
    </dxl:OptimizerConfig>
    <dxl:Metadata SystemIds="0.GPDB">
      <dxl:RelationStatistics Mdid="2.16422594.1.1" Name="x" Rows="100.000000" EmptyRelation="false"/>
      <dxl:Relation Mdid="0.16422594.1.0" Name="x" IsTemporary="false" HasOids="false" StorageType="Heap" DistributionPolicy="Hash" DistributionColumns="0" Keys="9,3">
        <dxl:Columns>
          <dxl:Column Name="i" Attno="1" Mdid="0.23.1.0" Nullable="true" ColWidth="4">
            <dxl:DefaultValue/>
          </dxl:Column>
          <dxl:Column Name="j" Attno="2" Mdid="0.23.1.0" Nullable="true" ColWidth="4">
            <dxl:DefaultValue/>
          </dxl:Column>
          <dxl:Column Name="k" Attno="3" Mdid="0.23.1.0" Nullable="true" ColWidth="4">
            <dxl:DefaultValue/>
          </dxl:Column>
          <dxl:Column Name="ctid" Attno="-1" Mdid="0.27.1.0" Nullable="false" ColWidth="6">
            <dxl:DefaultValue/>
          </dxl:Column>
          <dxl:Column Name="xmin" Attno="-3" Mdid="0.28.1.0" Nullable="false" ColWidth="4">
            <dxl:DefaultValue/>
          </dxl:Column>
          <dxl:Column Name="cmin" Attno="-4" Mdid="0.29.1.0" Nullable="false" ColWidth="4">
            <dxl:DefaultValue/>
          </dxl:Column>
          <dxl:Column Name="xmax" Attno="-5" Mdid="0.28.1.0" Nullable="false" ColWidth="4">
            <dxl:DefaultValue/>
          </dxl:Column>
          <dxl:Column Name="cmax" Attno="-6" Mdid="0.29.1.0" Nullable="false" ColWidth="4">
            <dxl:DefaultValue/>
          </dxl:Column>
          <dxl:Column Name="tableoid" Attno="-7" Mdid="0.26.1.0" Nullable="false" ColWidth="4">
            <dxl:DefaultValue/>
          </dxl:Column>
          <dxl:Column Name="gp_segment_id" Attno="-8" Mdid="0.23.1.0" Nullable="false" ColWidth="4">
            <dxl:DefaultValue/>
          </dxl:Column>
        </dxl:Columns>
        <dxl:IndexInfoList>
          <dxl:IndexInfo Mdid="0.17159874.1.0" IsPartial="false"/>
          <dxl:IndexInfo Mdid="0.17159920.1.0" IsPartial="false"/>
        </dxl:IndexInfoList>
        <dxl:Triggers/>
        <dxl:CheckConstraints/>
      </dxl:Relation>
      <dxl:Relation Mdid="0.16422594.1.1" Name="x" IsTemporary="false" HasOids="false" StorageType="Heap" DistributionPolicy="Hash" DistributionColumns="0" Keys="9,3">
        <dxl:Columns>
          <dxl:Column Name="i" Attno="1" Mdid="0.23.1.0" Nullable="true" ColWidth="4">
            <dxl:DefaultValue/>
          </dxl:Column>
          <dxl:Column Name="j" Attno="2" Mdid="0.23.1.0" Nullable="true" ColWidth="4">
            <dxl:DefaultValue/>
          </dxl:Column>
          <dxl:Column Name="k" Attno="3" Mdid="0.23.1.0" Nullable="true" ColWidth="4">
            <dxl:DefaultValue/>
          </dxl:Column>
          <dxl:Column Name="ctid" Attno="-1" Mdid="0.27.1.0" Nullable="false" ColWidth="6">
            <dxl:DefaultValue/>
          </dxl:Column>
          <dxl:Column Name="xmin" Attno="-3" Mdid="0.28.1.0" Nullable="false" ColWidth="4">
            <dxl:DefaultValue/>
          </dxl:Column>
          <dxl:Column Name="cmin" Attno="-4" Mdid="0.29.1.0" Nullable="false" ColWidth="4">
            <dxl:DefaultValue/>
          </dxl:Column>
          <dxl:Column Name="xmax" Attno="-5" Mdid="0.28.1.0" Nullable="false" ColWidth="4">
            <dxl:DefaultValue/>
          </dxl:Column>
          <dxl:Column Name="cmax" Attno="-6" Mdid="0.29.1.0" Nullable="false" ColWidth="4">
            <dxl:DefaultValue/>
          </dxl:Column>
          <dxl:Column Name="tableoid" Attno="-7" Mdid="0.26.1.0" Nullable="false" ColWidth="4">
            <dxl:DefaultValue/>
          </dxl:Column>
          <dxl:Column Name="gp_segment_id" Attno="-8" Mdid="0.23.1.0" Nullable="false" ColWidth="4">
            <dxl:DefaultValue/>
          </dxl:Column>
        </dxl:Columns>
        <dxl:IndexInfoList>
          <dxl:IndexInfo Mdid="0.17159874.1.0" IsPartial="false"/>
          <dxl:IndexInfo Mdid="0.17159920.1.0" IsPartial="false"/>
        </dxl:IndexInfoList>
        <dxl:Triggers/>
        <dxl:CheckConstraints/>
      </dxl:Relation>
      <dxl:Type Mdid="0.16.1.0" Name="bool" IsRedistributable="true" IsHashable="true" IsMergeJoinable="true" IsComposite="false" IsFixedLength="true" Length="1" PassByValue="true">
        <dxl:EqualityOp Mdid="0.91.1.0"/>
        <dxl:InequalityOp Mdid="0.85.1.0"/>
        <dxl:LessThanOp Mdid="0.58.1.0"/>
        <dxl:LessThanEqualsOp Mdid="0.1694.1.0"/>
        <dxl:GreaterThanOp Mdid="0.59.1.0"/>
        <dxl:GreaterThanEqualsOp Mdid="0.1695.1.0"/>
        <dxl:ComparisonOp Mdid="0.1693.1.0"/>
        <dxl:ArrayType Mdid="0.1000.1.0"/>
        <dxl:MinAgg Mdid="0.0.0.0"/>
        <dxl:MaxAgg Mdid="0.0.0.0"/>
        <dxl:AvgAgg Mdid="0.0.0.0"/>
        <dxl:SumAgg Mdid="0.0.0.0"/>
        <dxl:CountAgg Mdid="0.2147.1.0"/>
      </dxl:Type>
      <dxl:Type Mdid="0.20.1.0" Name="Int8" IsRedistributable="true" IsHashable="true" IsMergeJoinable="true" IsComposite="false" IsFixedLength="true" Length="8" PassByValue="true">
        <dxl:EqualityOp Mdid="0.410.1.0"/>
        <dxl:InequalityOp Mdid="0.411.1.0"/>
        <dxl:LessThanOp Mdid="0.412.1.0"/>
        <dxl:LessThanEqualsOp Mdid="0.414.1.0"/>
        <dxl:GreaterThanOp Mdid="0.413.1.0"/>
        <dxl:GreaterThanEqualsOp Mdid="0.415.1.0"/>
        <dxl:ComparisonOp Mdid="0.351.1.0"/>
        <dxl:ArrayType Mdid="0.1016.1.0"/>
        <dxl:MinAgg Mdid="0.2131.1.0"/>
        <dxl:MaxAgg Mdid="0.2115.1.0"/>
        <dxl:AvgAgg Mdid="0.2100.1.0"/>
        <dxl:SumAgg Mdid="0.2107.1.0"/>
        <dxl:CountAgg Mdid="0.2147.1.0"/>
      </dxl:Type>
      <dxl:Type Mdid="0.23.1.0" Name="int4" IsRedistributable="true" IsHashable="true" IsMergeJoinable="true" IsComposite="false" IsFixedLength="true" Length="4" PassByValue="true">
        <dxl:EqualityOp Mdid="0.96.1.0"/>
        <dxl:InequalityOp Mdid="0.518.1.0"/>
        <dxl:LessThanOp Mdid="0.97.1.0"/>
        <dxl:LessThanEqualsOp Mdid="0.523.1.0"/>
        <dxl:GreaterThanOp Mdid="0.521.1.0"/>
        <dxl:GreaterThanEqualsOp Mdid="0.525.1.0"/>
        <dxl:ComparisonOp Mdid="0.351.1.0"/>
        <dxl:ArrayType Mdid="0.1007.1.0"/>
        <dxl:MinAgg Mdid="0.2132.1.0"/>
        <dxl:MaxAgg Mdid="0.2116.1.0"/>
        <dxl:AvgAgg Mdid="0.2101.1.0"/>
        <dxl:SumAgg Mdid="0.2108.1.0"/>
        <dxl:CountAgg Mdid="0.2147.1.0"/>
      </dxl:Type>
      <dxl:ColumnStatistics Mdid="1.16414481.1.1.9" Name="gp_segment_id" Width="4.000000" NullFreq="0.000000" NdvRemain="0.000000" FreqRemain="0.000000"/>
      <dxl:ColumnStatistics Mdid="1.16414481.1.1.8" Name="tableoid" Width="4.000000" NullFreq="0.000000" NdvRemain="0.000000" FreqRemain="0.000000"/>
      <dxl:ColumnStatistics Mdid="1.16414481.1.1.1" Name="j" Width="4.000000" NullFreq="0.000000" NdvRemain="0.000000" FreqRemain="0.000000">
        <dxl:StatsBucket Frequency="0.038462" DistinctValues="1916.500000">
          <dxl:LowerBound Closed="true" TypeMdid="0.23.1.0" Value="3"/>
          <dxl:UpperBound Closed="false" TypeMdid="0.23.1.0" Value="2037"/>
        </dxl:StatsBucket>
        <dxl:StatsBucket Frequency="0.038462" DistinctValues="1916.500000">
          <dxl:LowerBound Closed="true" TypeMdid="0.23.1.0" Value="2037"/>
          <dxl:UpperBound Closed="false" TypeMdid="0.23.1.0" Value="4068"/>
        </dxl:StatsBucket>
        <dxl:StatsBucket Frequency="0.038462" DistinctValues="1916.500000">
          <dxl:LowerBound Closed="true" TypeMdid="0.23.1.0" Value="4068"/>
          <dxl:UpperBound Closed="false" TypeMdid="0.23.1.0" Value="6062"/>
        </dxl:StatsBucket>
        <dxl:StatsBucket Frequency="0.038462" DistinctValues="1916.500000">
          <dxl:LowerBound Closed="true" TypeMdid="0.23.1.0" Value="6062"/>
          <dxl:UpperBound Closed="false" TypeMdid="0.23.1.0" Value="8070"/>
        </dxl:StatsBucket>
        <dxl:StatsBucket Frequency="0.038462" DistinctValues="1916.500000">
          <dxl:LowerBound Closed="true" TypeMdid="0.23.1.0" Value="8070"/>
          <dxl:UpperBound Closed="false" TypeMdid="0.23.1.0" Value="10047"/>
        </dxl:StatsBucket>
        <dxl:StatsBucket Frequency="0.038462" DistinctValues="1916.500000">
          <dxl:LowerBound Closed="true" TypeMdid="0.23.1.0" Value="10047"/>
          <dxl:UpperBound Closed="false" TypeMdid="0.23.1.0" Value="11947"/>
        </dxl:StatsBucket>
        <dxl:StatsBucket Frequency="0.038462" DistinctValues="1916.500000">
          <dxl:LowerBound Closed="true" TypeMdid="0.23.1.0" Value="11947"/>
          <dxl:UpperBound Closed="false" TypeMdid="0.23.1.0" Value="14028"/>
        </dxl:StatsBucket>
        <dxl:StatsBucket Frequency="0.038462" DistinctValues="1916.500000">
          <dxl:LowerBound Closed="true" TypeMdid="0.23.1.0" Value="14028"/>
          <dxl:UpperBound Closed="false" TypeMdid="0.23.1.0" Value="16048"/>
        </dxl:StatsBucket>
        <dxl:StatsBucket Frequency="0.038462" DistinctValues="1916.500000">
          <dxl:LowerBound Closed="true" TypeMdid="0.23.1.0" Value="16048"/>
          <dxl:UpperBound Closed="false" TypeMdid="0.23.1.0" Value="18086"/>
        </dxl:StatsBucket>
        <dxl:StatsBucket Frequency="0.038462" DistinctValues="1916.500000">
          <dxl:LowerBound Closed="true" TypeMdid="0.23.1.0" Value="18086"/>
          <dxl:UpperBound Closed="false" TypeMdid="0.23.1.0" Value="20094"/>
        </dxl:StatsBucket>
        <dxl:StatsBucket Frequency="0.038462" DistinctValues="1916.500000">
          <dxl:LowerBound Closed="true" TypeMdid="0.23.1.0" Value="20094"/>
          <dxl:UpperBound Closed="false" TypeMdid="0.23.1.0" Value="22087"/>
        </dxl:StatsBucket>
        <dxl:StatsBucket Frequency="0.038462" DistinctValues="1916.500000">
          <dxl:LowerBound Closed="true" TypeMdid="0.23.1.0" Value="22087"/>
          <dxl:UpperBound Closed="false" TypeMdid="0.23.1.0" Value="24062"/>
        </dxl:StatsBucket>
        <dxl:StatsBucket Frequency="0.038462" DistinctValues="1916.500000">
          <dxl:LowerBound Closed="true" TypeMdid="0.23.1.0" Value="24062"/>
          <dxl:UpperBound Closed="false" TypeMdid="0.23.1.0" Value="26013"/>
        </dxl:StatsBucket>
        <dxl:StatsBucket Frequency="0.038462" DistinctValues="1916.500000">
          <dxl:LowerBound Closed="true" TypeMdid="0.23.1.0" Value="26013"/>
          <dxl:UpperBound Closed="false" TypeMdid="0.23.1.0" Value="27984"/>
        </dxl:StatsBucket>
        <dxl:StatsBucket Frequency="0.038462" DistinctValues="1916.500000">
          <dxl:LowerBound Closed="true" TypeMdid="0.23.1.0" Value="27984"/>
          <dxl:UpperBound Closed="false" TypeMdid="0.23.1.0" Value="29965"/>
        </dxl:StatsBucket>
        <dxl:StatsBucket Frequency="0.038462" DistinctValues="1916.500000">
          <dxl:LowerBound Closed="true" TypeMdid="0.23.1.0" Value="29965"/>
          <dxl:UpperBound Closed="false" TypeMdid="0.23.1.0" Value="31961"/>
        </dxl:StatsBucket>
        <dxl:StatsBucket Frequency="0.038462" DistinctValues="1916.500000">
          <dxl:LowerBound Closed="true" TypeMdid="0.23.1.0" Value="31961"/>
          <dxl:UpperBound Closed="false" TypeMdid="0.23.1.0" Value="33961"/>
        </dxl:StatsBucket>
        <dxl:StatsBucket Frequency="0.038462" DistinctValues="1916.500000">
          <dxl:LowerBound Closed="true" TypeMdid="0.23.1.0" Value="33961"/>
          <dxl:UpperBound Closed="false" TypeMdid="0.23.1.0" Value="35962"/>
        </dxl:StatsBucket>
        <dxl:StatsBucket Frequency="0.038462" DistinctValues="1916.500000">
          <dxl:LowerBound Closed="true" TypeMdid="0.23.1.0" Value="35962"/>
          <dxl:UpperBound Closed="false" TypeMdid="0.23.1.0" Value="37927"/>
        </dxl:StatsBucket>
        <dxl:StatsBucket Frequency="0.038462" DistinctValues="1916.500000">
          <dxl:LowerBound Closed="true" TypeMdid="0.23.1.0" Value="37927"/>
          <dxl:UpperBound Closed="false" TypeMdid="0.23.1.0" Value="39950"/>
        </dxl:StatsBucket>
        <dxl:StatsBucket Frequency="0.038462" DistinctValues="1916.500000">
          <dxl:LowerBound Closed="true" TypeMdid="0.23.1.0" Value="39950"/>
          <dxl:UpperBound Closed="false" TypeMdid="0.23.1.0" Value="41878"/>
        </dxl:StatsBucket>
        <dxl:StatsBucket Frequency="0.038462" DistinctValues="1916.500000">
          <dxl:LowerBound Closed="true" TypeMdid="0.23.1.0" Value="41878"/>
          <dxl:UpperBound Closed="false" TypeMdid="0.23.1.0" Value="43772"/>
        </dxl:StatsBucket>
        <dxl:StatsBucket Frequency="0.038462" DistinctValues="1916.500000">
          <dxl:LowerBound Closed="true" TypeMdid="0.23.1.0" Value="43772"/>
          <dxl:UpperBound Closed="false" TypeMdid="0.23.1.0" Value="45827"/>
        </dxl:StatsBucket>
        <dxl:StatsBucket Frequency="0.038462" DistinctValues="1916.500000">
          <dxl:LowerBound Closed="true" TypeMdid="0.23.1.0" Value="45827"/>
          <dxl:UpperBound Closed="false" TypeMdid="0.23.1.0" Value="47825"/>
        </dxl:StatsBucket>
        <dxl:StatsBucket Frequency="0.038462" DistinctValues="1916.500000">
          <dxl:LowerBound Closed="true" TypeMdid="0.23.1.0" Value="47825"/>
          <dxl:UpperBound Closed="false" TypeMdid="0.23.1.0" Value="49974"/>
        </dxl:StatsBucket>
        <dxl:StatsBucket Frequency="0.038462" DistinctValues="1916.500000">
          <dxl:LowerBound Closed="true" TypeMdid="0.23.1.0" Value="49974"/>
          <dxl:UpperBound Closed="true" TypeMdid="0.23.1.0" Value="50002"/>
        </dxl:StatsBucket>
      </dxl:ColumnStatistics>
      <dxl:ColumnStatistics Mdid="1.16414481.1.1.0" Name="i" Width="4.000000" NullFreq="0.000000" NdvRemain="0.000000" FreqRemain="0.000000">
        <dxl:StatsBucket Frequency="0.038462" DistinctValues="1916.500000">
          <dxl:LowerBound Closed="true" TypeMdid="0.23.1.0" Value="1"/>
          <dxl:UpperBound Closed="false" TypeMdid="0.23.1.0" Value="2035"/>
        </dxl:StatsBucket>
        <dxl:StatsBucket Frequency="0.038462" DistinctValues="1916.500000">
          <dxl:LowerBound Closed="true" TypeMdid="0.23.1.0" Value="2035"/>
          <dxl:UpperBound Closed="false" TypeMdid="0.23.1.0" Value="4066"/>
        </dxl:StatsBucket>
        <dxl:StatsBucket Frequency="0.038462" DistinctValues="1916.500000">
          <dxl:LowerBound Closed="true" TypeMdid="0.23.1.0" Value="4066"/>
          <dxl:UpperBound Closed="false" TypeMdid="0.23.1.0" Value="6060"/>
        </dxl:StatsBucket>
        <dxl:StatsBucket Frequency="0.038462" DistinctValues="1916.500000">
          <dxl:LowerBound Closed="true" TypeMdid="0.23.1.0" Value="6060"/>
          <dxl:UpperBound Closed="false" TypeMdid="0.23.1.0" Value="8068"/>
        </dxl:StatsBucket>
        <dxl:StatsBucket Frequency="0.038462" DistinctValues="1916.500000">
          <dxl:LowerBound Closed="true" TypeMdid="0.23.1.0" Value="8068"/>
          <dxl:UpperBound Closed="false" TypeMdid="0.23.1.0" Value="10045"/>
        </dxl:StatsBucket>
        <dxl:StatsBucket Frequency="0.038462" DistinctValues="1916.500000">
          <dxl:LowerBound Closed="true" TypeMdid="0.23.1.0" Value="10045"/>
          <dxl:UpperBound Closed="false" TypeMdid="0.23.1.0" Value="11945"/>
        </dxl:StatsBucket>
        <dxl:StatsBucket Frequency="0.038462" DistinctValues="1916.500000">
          <dxl:LowerBound Closed="true" TypeMdid="0.23.1.0" Value="11945"/>
          <dxl:UpperBound Closed="false" TypeMdid="0.23.1.0" Value="14026"/>
        </dxl:StatsBucket>
        <dxl:StatsBucket Frequency="0.038462" DistinctValues="1916.500000">
          <dxl:LowerBound Closed="true" TypeMdid="0.23.1.0" Value="14026"/>
          <dxl:UpperBound Closed="false" TypeMdid="0.23.1.0" Value="16046"/>
        </dxl:StatsBucket>
        <dxl:StatsBucket Frequency="0.038462" DistinctValues="1916.500000">
          <dxl:LowerBound Closed="true" TypeMdid="0.23.1.0" Value="16046"/>
          <dxl:UpperBound Closed="false" TypeMdid="0.23.1.0" Value="18084"/>
        </dxl:StatsBucket>
        <dxl:StatsBucket Frequency="0.038462" DistinctValues="1916.500000">
          <dxl:LowerBound Closed="true" TypeMdid="0.23.1.0" Value="18084"/>
          <dxl:UpperBound Closed="false" TypeMdid="0.23.1.0" Value="20092"/>
        </dxl:StatsBucket>
        <dxl:StatsBucket Frequency="0.038462" DistinctValues="1916.500000">
          <dxl:LowerBound Closed="true" TypeMdid="0.23.1.0" Value="20092"/>
          <dxl:UpperBound Closed="false" TypeMdid="0.23.1.0" Value="22085"/>
        </dxl:StatsBucket>
        <dxl:StatsBucket Frequency="0.038462" DistinctValues="1916.500000">
          <dxl:LowerBound Closed="true" TypeMdid="0.23.1.0" Value="22085"/>
          <dxl:UpperBound Closed="false" TypeMdid="0.23.1.0" Value="24060"/>
        </dxl:StatsBucket>
        <dxl:StatsBucket Frequency="0.038462" DistinctValues="1916.500000">
          <dxl:LowerBound Closed="true" TypeMdid="0.23.1.0" Value="24060"/>
          <dxl:UpperBound Closed="false" TypeMdid="0.23.1.0" Value="26011"/>
        </dxl:StatsBucket>
        <dxl:StatsBucket Frequency="0.038462" DistinctValues="1916.500000">
          <dxl:LowerBound Closed="true" TypeMdid="0.23.1.0" Value="26011"/>
          <dxl:UpperBound Closed="false" TypeMdid="0.23.1.0" Value="27982"/>
        </dxl:StatsBucket>
        <dxl:StatsBucket Frequency="0.038462" DistinctValues="1916.500000">
          <dxl:LowerBound Closed="true" TypeMdid="0.23.1.0" Value="27982"/>
          <dxl:UpperBound Closed="false" TypeMdid="0.23.1.0" Value="29963"/>
        </dxl:StatsBucket>
        <dxl:StatsBucket Frequency="0.038462" DistinctValues="1916.500000">
          <dxl:LowerBound Closed="true" TypeMdid="0.23.1.0" Value="29963"/>
          <dxl:UpperBound Closed="false" TypeMdid="0.23.1.0" Value="31959"/>
        </dxl:StatsBucket>
        <dxl:StatsBucket Frequency="0.038462" DistinctValues="1916.500000">
          <dxl:LowerBound Closed="true" TypeMdid="0.23.1.0" Value="31959"/>
          <dxl:UpperBound Closed="false" TypeMdid="0.23.1.0" Value="33959"/>
        </dxl:StatsBucket>
        <dxl:StatsBucket Frequency="0.038462" DistinctValues="1916.500000">
          <dxl:LowerBound Closed="true" TypeMdid="0.23.1.0" Value="33959"/>
          <dxl:UpperBound Closed="false" TypeMdid="0.23.1.0" Value="35960"/>
        </dxl:StatsBucket>
        <dxl:StatsBucket Frequency="0.038462" DistinctValues="1916.500000">
          <dxl:LowerBound Closed="true" TypeMdid="0.23.1.0" Value="35960"/>
          <dxl:UpperBound Closed="false" TypeMdid="0.23.1.0" Value="37925"/>
        </dxl:StatsBucket>
        <dxl:StatsBucket Frequency="0.038462" DistinctValues="1916.500000">
          <dxl:LowerBound Closed="true" TypeMdid="0.23.1.0" Value="37925"/>
          <dxl:UpperBound Closed="false" TypeMdid="0.23.1.0" Value="39948"/>
        </dxl:StatsBucket>
        <dxl:StatsBucket Frequency="0.038462" DistinctValues="1916.500000">
          <dxl:LowerBound Closed="true" TypeMdid="0.23.1.0" Value="39948"/>
          <dxl:UpperBound Closed="false" TypeMdid="0.23.1.0" Value="41876"/>
        </dxl:StatsBucket>
        <dxl:StatsBucket Frequency="0.038462" DistinctValues="1916.500000">
          <dxl:LowerBound Closed="true" TypeMdid="0.23.1.0" Value="41876"/>
          <dxl:UpperBound Closed="false" TypeMdid="0.23.1.0" Value="43770"/>
        </dxl:StatsBucket>
        <dxl:StatsBucket Frequency="0.038462" DistinctValues="1916.500000">
          <dxl:LowerBound Closed="true" TypeMdid="0.23.1.0" Value="43770"/>
          <dxl:UpperBound Closed="false" TypeMdid="0.23.1.0" Value="45825"/>
        </dxl:StatsBucket>
        <dxl:StatsBucket Frequency="0.038462" DistinctValues="1916.500000">
          <dxl:LowerBound Closed="true" TypeMdid="0.23.1.0" Value="45825"/>
          <dxl:UpperBound Closed="false" TypeMdid="0.23.1.0" Value="47823"/>
        </dxl:StatsBucket>
        <dxl:StatsBucket Frequency="0.038462" DistinctValues="1916.500000">
          <dxl:LowerBound Closed="true" TypeMdid="0.23.1.0" Value="47823"/>
          <dxl:UpperBound Closed="false" TypeMdid="0.23.1.0" Value="49972"/>
        </dxl:StatsBucket>
        <dxl:StatsBucket Frequency="0.038462" DistinctValues="1916.500000">
          <dxl:LowerBound Closed="true" TypeMdid="0.23.1.0" Value="49972"/>
          <dxl:UpperBound Closed="true" TypeMdid="0.23.1.0" Value="50000"/>
        </dxl:StatsBucket>
      </dxl:ColumnStatistics>
      <dxl:ColumnStatistics Mdid="1.16422594.1.1.9" Name="gp_segment_id" Width="4.000000" NullFreq="0.000000" NdvRemain="0.000000" FreqRemain="0.000000"/>
      <dxl:ColumnStatistics Mdid="1.16422594.1.1.8" Name="tableoid" Width="4.000000" NullFreq="0.000000" NdvRemain="0.000000" FreqRemain="0.000000"/>
      <dxl:ColumnStatistics Mdid="1.16422594.1.1.1" Name="j" Width="4.000000" NullFreq="0.000000" NdvRemain="0.000000" FreqRemain="0.000000">
        <dxl:StatsBucket Frequency="0.500000" DistinctValues="1.000000">
          <dxl:LowerBound Closed="true" TypeMdid="0.23.1.0" Value="0"/>
          <dxl:UpperBound Closed="true" TypeMdid="0.23.1.0" Value="0"/>
        </dxl:StatsBucket>
        <dxl:StatsBucket Frequency="0.500000" DistinctValues="1.000000">
          <dxl:LowerBound Closed="true" TypeMdid="0.23.1.0" Value="1"/>
          <dxl:UpperBound Closed="true" TypeMdid="0.23.1.0" Value="1"/>
        </dxl:StatsBucket>
      </dxl:ColumnStatistics>
      <dxl:ColumnStatistics Mdid="1.16422594.1.1.0" Name="i" Width="4.000000" NullFreq="0.000000" NdvRemain="0.000000" FreqRemain="0.000000">
        <dxl:StatsBucket Frequency="0.040000" DistinctValues="4.000000">
          <dxl:LowerBound Closed="true" TypeMdid="0.23.1.0" Value="1"/>
          <dxl:UpperBound Closed="false" TypeMdid="0.23.1.0" Value="5"/>
        </dxl:StatsBucket>
        <dxl:StatsBucket Frequency="0.040000" DistinctValues="4.000000">
          <dxl:LowerBound Closed="true" TypeMdid="0.23.1.0" Value="5"/>
          <dxl:UpperBound Closed="false" TypeMdid="0.23.1.0" Value="9"/>
        </dxl:StatsBucket>
        <dxl:StatsBucket Frequency="0.040000" DistinctValues="4.000000">
          <dxl:LowerBound Closed="true" TypeMdid="0.23.1.0" Value="9"/>
          <dxl:UpperBound Closed="false" TypeMdid="0.23.1.0" Value="13"/>
        </dxl:StatsBucket>
        <dxl:StatsBucket Frequency="0.040000" DistinctValues="4.000000">
          <dxl:LowerBound Closed="true" TypeMdid="0.23.1.0" Value="13"/>
          <dxl:UpperBound Closed="false" TypeMdid="0.23.1.0" Value="17"/>
        </dxl:StatsBucket>
        <dxl:StatsBucket Frequency="0.040000" DistinctValues="4.000000">
          <dxl:LowerBound Closed="true" TypeMdid="0.23.1.0" Value="17"/>
          <dxl:UpperBound Closed="false" TypeMdid="0.23.1.0" Value="21"/>
        </dxl:StatsBucket>
        <dxl:StatsBucket Frequency="0.040000" DistinctValues="4.000000">
          <dxl:LowerBound Closed="true" TypeMdid="0.23.1.0" Value="21"/>
          <dxl:UpperBound Closed="false" TypeMdid="0.23.1.0" Value="25"/>
        </dxl:StatsBucket>
        <dxl:StatsBucket Frequency="0.040000" DistinctValues="4.000000">
          <dxl:LowerBound Closed="true" TypeMdid="0.23.1.0" Value="25"/>
          <dxl:UpperBound Closed="false" TypeMdid="0.23.1.0" Value="29"/>
        </dxl:StatsBucket>
        <dxl:StatsBucket Frequency="0.040000" DistinctValues="4.000000">
          <dxl:LowerBound Closed="true" TypeMdid="0.23.1.0" Value="29"/>
          <dxl:UpperBound Closed="false" TypeMdid="0.23.1.0" Value="33"/>
        </dxl:StatsBucket>
        <dxl:StatsBucket Frequency="0.040000" DistinctValues="4.000000">
          <dxl:LowerBound Closed="true" TypeMdid="0.23.1.0" Value="33"/>
          <dxl:UpperBound Closed="false" TypeMdid="0.23.1.0" Value="37"/>
        </dxl:StatsBucket>
        <dxl:StatsBucket Frequency="0.040000" DistinctValues="4.000000">
          <dxl:LowerBound Closed="true" TypeMdid="0.23.1.0" Value="37"/>
          <dxl:UpperBound Closed="false" TypeMdid="0.23.1.0" Value="41"/>
        </dxl:StatsBucket>
        <dxl:StatsBucket Frequency="0.040000" DistinctValues="4.000000">
          <dxl:LowerBound Closed="true" TypeMdid="0.23.1.0" Value="41"/>
          <dxl:UpperBound Closed="false" TypeMdid="0.23.1.0" Value="45"/>
        </dxl:StatsBucket>
        <dxl:StatsBucket Frequency="0.040000" DistinctValues="4.000000">
          <dxl:LowerBound Closed="true" TypeMdid="0.23.1.0" Value="45"/>
          <dxl:UpperBound Closed="false" TypeMdid="0.23.1.0" Value="49"/>
        </dxl:StatsBucket>
        <dxl:StatsBucket Frequency="0.040000" DistinctValues="4.000000">
          <dxl:LowerBound Closed="true" TypeMdid="0.23.1.0" Value="49"/>
          <dxl:UpperBound Closed="false" TypeMdid="0.23.1.0" Value="53"/>
        </dxl:StatsBucket>
        <dxl:StatsBucket Frequency="0.040000" DistinctValues="4.000000">
          <dxl:LowerBound Closed="true" TypeMdid="0.23.1.0" Value="53"/>
          <dxl:UpperBound Closed="false" TypeMdid="0.23.1.0" Value="57"/>
        </dxl:StatsBucket>
        <dxl:StatsBucket Frequency="0.040000" DistinctValues="4.000000">
          <dxl:LowerBound Closed="true" TypeMdid="0.23.1.0" Value="57"/>
          <dxl:UpperBound Closed="false" TypeMdid="0.23.1.0" Value="61"/>
        </dxl:StatsBucket>
        <dxl:StatsBucket Frequency="0.040000" DistinctValues="4.000000">
          <dxl:LowerBound Closed="true" TypeMdid="0.23.1.0" Value="61"/>
          <dxl:UpperBound Closed="false" TypeMdid="0.23.1.0" Value="65"/>
        </dxl:StatsBucket>
        <dxl:StatsBucket Frequency="0.040000" DistinctValues="4.000000">
          <dxl:LowerBound Closed="true" TypeMdid="0.23.1.0" Value="65"/>
          <dxl:UpperBound Closed="false" TypeMdid="0.23.1.0" Value="69"/>
        </dxl:StatsBucket>
        <dxl:StatsBucket Frequency="0.040000" DistinctValues="4.000000">
          <dxl:LowerBound Closed="true" TypeMdid="0.23.1.0" Value="69"/>
          <dxl:UpperBound Closed="false" TypeMdid="0.23.1.0" Value="73"/>
        </dxl:StatsBucket>
        <dxl:StatsBucket Frequency="0.040000" DistinctValues="4.000000">
          <dxl:LowerBound Closed="true" TypeMdid="0.23.1.0" Value="73"/>
          <dxl:UpperBound Closed="false" TypeMdid="0.23.1.0" Value="77"/>
        </dxl:StatsBucket>
        <dxl:StatsBucket Frequency="0.040000" DistinctValues="4.000000">
          <dxl:LowerBound Closed="true" TypeMdid="0.23.1.0" Value="77"/>
          <dxl:UpperBound Closed="false" TypeMdid="0.23.1.0" Value="81"/>
        </dxl:StatsBucket>
        <dxl:StatsBucket Frequency="0.040000" DistinctValues="4.000000">
          <dxl:LowerBound Closed="true" TypeMdid="0.23.1.0" Value="81"/>
          <dxl:UpperBound Closed="false" TypeMdid="0.23.1.0" Value="85"/>
        </dxl:StatsBucket>
        <dxl:StatsBucket Frequency="0.040000" DistinctValues="4.000000">
          <dxl:LowerBound Closed="true" TypeMdid="0.23.1.0" Value="85"/>
          <dxl:UpperBound Closed="false" TypeMdid="0.23.1.0" Value="89"/>
        </dxl:StatsBucket>
        <dxl:StatsBucket Frequency="0.040000" DistinctValues="4.000000">
          <dxl:LowerBound Closed="true" TypeMdid="0.23.1.0" Value="89"/>
          <dxl:UpperBound Closed="false" TypeMdid="0.23.1.0" Value="93"/>
        </dxl:StatsBucket>
        <dxl:StatsBucket Frequency="0.040000" DistinctValues="4.000000">
          <dxl:LowerBound Closed="true" TypeMdid="0.23.1.0" Value="93"/>
          <dxl:UpperBound Closed="false" TypeMdid="0.23.1.0" Value="97"/>
        </dxl:StatsBucket>
        <dxl:StatsBucket Frequency="0.040000" DistinctValues="4.000000">
          <dxl:LowerBound Closed="true" TypeMdid="0.23.1.0" Value="97"/>
          <dxl:UpperBound Closed="true" TypeMdid="0.23.1.0" Value="100"/>
        </dxl:StatsBucket>
      </dxl:ColumnStatistics>
      <dxl:GPDBScalarOp Mdid="0.410.1.0" Name="=" ComparisonType="Eq" ReturnsNullOnNullInput="true">
        <dxl:LeftType Mdid="0.20.1.0"/>
        <dxl:RightType Mdid="0.20.1.0"/>
        <dxl:ResultType Mdid="0.16.1.0"/>
        <dxl:OpFunc Mdid="0.467.1.0"/>
        <dxl:Commutator Mdid="0.410.1.0"/>
        <dxl:InverseOp Mdid="0.411.1.0"/>
        <dxl:Opfamilies>
          <dxl:Opfamily Mdid="0.1980.1.0"/>
          <dxl:Opfamily Mdid="0.1981.1.0"/>
          <dxl:Opfamily Mdid="0.3028.1.0"/>
        </dxl:Opfamilies>
      </dxl:GPDBScalarOp>
      <dxl:Type Mdid="0.26.1.0" Name="oid" IsRedistributable="true" IsHashable="true" IsMergeJoinable="true" IsComposite="false" IsFixedLength="true" Length="4" PassByValue="true">
        <dxl:EqualityOp Mdid="0.607.1.0"/>
        <dxl:InequalityOp Mdid="0.608.1.0"/>
        <dxl:LessThanOp Mdid="0.609.1.0"/>
        <dxl:LessThanEqualsOp Mdid="0.611.1.0"/>
        <dxl:GreaterThanOp Mdid="0.610.1.0"/>
        <dxl:GreaterThanEqualsOp Mdid="0.612.1.0"/>
        <dxl:ComparisonOp Mdid="0.356.1.0"/>
        <dxl:ArrayType Mdid="0.1028.1.0"/>
        <dxl:MinAgg Mdid="0.2118.1.0"/>
        <dxl:MaxAgg Mdid="0.2134.1.0"/>
        <dxl:AvgAgg Mdid="0.0.0.0"/>
        <dxl:SumAgg Mdid="0.0.0.0"/>
        <dxl:CountAgg Mdid="0.2147.1.0"/>
      </dxl:Type>
      <dxl:Type Mdid="0.27.1.0" Name="tid" IsRedistributable="true" IsHashable="false" IsMergeJoinable="false" IsComposite="false" IsFixedLength="true" Length="6" PassByValue="false">
        <dxl:EqualityOp Mdid="0.387.1.0"/>
        <dxl:InequalityOp Mdid="0.402.1.0"/>
        <dxl:LessThanOp Mdid="0.2799.1.0"/>
        <dxl:LessThanEqualsOp Mdid="0.2801.1.0"/>
        <dxl:GreaterThanOp Mdid="0.2800.1.0"/>
        <dxl:GreaterThanEqualsOp Mdid="0.2802.1.0"/>
        <dxl:ComparisonOp Mdid="0.2794.1.0"/>
        <dxl:ArrayType Mdid="0.1010.1.0"/>
        <dxl:MinAgg Mdid="0.2798.1.0"/>
        <dxl:MaxAgg Mdid="0.2797.1.0"/>
        <dxl:AvgAgg Mdid="0.0.0.0"/>
        <dxl:SumAgg Mdid="0.0.0.0"/>
        <dxl:CountAgg Mdid="0.2147.1.0"/>
      </dxl:Type>
      <dxl:GPDBScalarOp Mdid="0.413.1.0" Name="&gt;" ComparisonType="GT" ReturnsNullOnNullInput="true">
        <dxl:LeftType Mdid="0.20.1.0"/>
        <dxl:RightType Mdid="0.20.1.0"/>
        <dxl:ResultType Mdid="0.16.1.0"/>
        <dxl:OpFunc Mdid="0.470.1.0"/>
        <dxl:Commutator Mdid="0.412.1.0"/>
        <dxl:InverseOp Mdid="0.414.1.0"/>
        <dxl:Opfamilies>
          <dxl:Opfamily Mdid="0.1980.1.0"/>
          <dxl:Opfamily Mdid="0.3028.1.0"/>
        </dxl:Opfamilies>
      </dxl:GPDBScalarOp>
      <dxl:Type Mdid="0.29.1.0" Name="cid" IsRedistributable="false" IsHashable="true" IsMergeJoinable="false" IsComposite="false" IsFixedLength="true" Length="4" PassByValue="true">
        <dxl:EqualityOp Mdid="0.385.1.0"/>
        <dxl:InequalityOp Mdid="0.0.0.0"/>
        <dxl:LessThanOp Mdid="0.0.0.0"/>
        <dxl:LessThanEqualsOp Mdid="0.0.0.0"/>
        <dxl:GreaterThanOp Mdid="0.0.0.0"/>
        <dxl:GreaterThanEqualsOp Mdid="0.0.0.0"/>
        <dxl:ComparisonOp Mdid="0.0.0.0"/>
        <dxl:ArrayType Mdid="0.1012.1.0"/>
        <dxl:MinAgg Mdid="0.0.0.0"/>
        <dxl:MaxAgg Mdid="0.0.0.0"/>
        <dxl:AvgAgg Mdid="0.0.0.0"/>
        <dxl:SumAgg Mdid="0.0.0.0"/>
        <dxl:CountAgg Mdid="0.2147.1.0"/>
      </dxl:Type>
      <dxl:Type Mdid="0.28.1.0" Name="xid" IsRedistributable="false" IsHashable="true" IsMergeJoinable="false" IsComposite="false" IsFixedLength="true" Length="4" PassByValue="true">
        <dxl:EqualityOp Mdid="0.352.1.0"/>
        <dxl:InequalityOp Mdid="0.0.0.0"/>
        <dxl:LessThanOp Mdid="0.0.0.0"/>
        <dxl:LessThanEqualsOp Mdid="0.0.0.0"/>
        <dxl:GreaterThanOp Mdid="0.0.0.0"/>
        <dxl:GreaterThanEqualsOp Mdid="0.0.0.0"/>
        <dxl:ComparisonOp Mdid="0.0.0.0"/>
        <dxl:ArrayType Mdid="0.1011.1.0"/>
        <dxl:MinAgg Mdid="0.0.0.0"/>
        <dxl:MaxAgg Mdid="0.0.0.0"/>
        <dxl:AvgAgg Mdid="0.0.0.0"/>
        <dxl:SumAgg Mdid="0.0.0.0"/>
        <dxl:CountAgg Mdid="0.2147.1.0"/>
      </dxl:Type>
      <dxl:ColumnStatistics Mdid="1.16414481.1.1.3" Name="ctid" Width="6.000000" NullFreq="0.000000" NdvRemain="0.000000" FreqRemain="0.000000"/>
      <dxl:ColumnStatistics Mdid="1.16414481.1.1.2" Name="k" Width="4.000000" NullFreq="0.000000" NdvRemain="0.000000" FreqRemain="0.000000">
        <dxl:StatsBucket Frequency="0.100105" DistinctValues="1.000000">
          <dxl:LowerBound Closed="true" TypeMdid="0.23.1.0" Value="0"/>
          <dxl:UpperBound Closed="true" TypeMdid="0.23.1.0" Value="0"/>
        </dxl:StatsBucket>
        <dxl:StatsBucket Frequency="0.099290" DistinctValues="1.000000">
          <dxl:LowerBound Closed="true" TypeMdid="0.23.1.0" Value="1"/>
          <dxl:UpperBound Closed="true" TypeMdid="0.23.1.0" Value="1"/>
        </dxl:StatsBucket>
        <dxl:StatsBucket Frequency="0.100686" DistinctValues="1.000000">
          <dxl:LowerBound Closed="true" TypeMdid="0.23.1.0" Value="2"/>
          <dxl:UpperBound Closed="true" TypeMdid="0.23.1.0" Value="2"/>
        </dxl:StatsBucket>
        <dxl:StatsBucket Frequency="0.100919" DistinctValues="1.000000">
          <dxl:LowerBound Closed="true" TypeMdid="0.23.1.0" Value="3"/>
          <dxl:UpperBound Closed="true" TypeMdid="0.23.1.0" Value="3"/>
        </dxl:StatsBucket>
        <dxl:StatsBucket Frequency="0.100764" DistinctValues="1.000000">
          <dxl:LowerBound Closed="true" TypeMdid="0.23.1.0" Value="4"/>
          <dxl:UpperBound Closed="true" TypeMdid="0.23.1.0" Value="4"/>
        </dxl:StatsBucket>
        <dxl:StatsBucket Frequency="0.099174" DistinctValues="1.000000">
          <dxl:LowerBound Closed="true" TypeMdid="0.23.1.0" Value="5"/>
          <dxl:UpperBound Closed="true" TypeMdid="0.23.1.0" Value="5"/>
        </dxl:StatsBucket>
        <dxl:StatsBucket Frequency="0.099407" DistinctValues="1.000000">
          <dxl:LowerBound Closed="true" TypeMdid="0.23.1.0" Value="6"/>
          <dxl:UpperBound Closed="true" TypeMdid="0.23.1.0" Value="6"/>
        </dxl:StatsBucket>
        <dxl:StatsBucket Frequency="0.099019" DistinctValues="1.000000">
          <dxl:LowerBound Closed="true" TypeMdid="0.23.1.0" Value="7"/>
          <dxl:UpperBound Closed="true" TypeMdid="0.23.1.0" Value="7"/>
        </dxl:StatsBucket>
        <dxl:StatsBucket Frequency="0.099445" DistinctValues="1.000000">
          <dxl:LowerBound Closed="true" TypeMdid="0.23.1.0" Value="8"/>
          <dxl:UpperBound Closed="true" TypeMdid="0.23.1.0" Value="8"/>
        </dxl:StatsBucket>
        <dxl:StatsBucket Frequency="0.101191" DistinctValues="1.000000">
          <dxl:LowerBound Closed="true" TypeMdid="0.23.1.0" Value="9"/>
          <dxl:UpperBound Closed="true" TypeMdid="0.23.1.0" Value="9"/>
        </dxl:StatsBucket>
      </dxl:ColumnStatistics>
      <dxl:ColumnStatistics Mdid="1.16422594.1.1.3" Name="ctid" Width="6.000000" NullFreq="0.000000" NdvRemain="0.000000" FreqRemain="0.000000"/>
      <dxl:ColumnStatistics Mdid="1.16422594.1.1.2" Name="k" Width="4.000000" NullFreq="0.000000" NdvRemain="0.000000" FreqRemain="0.000000">
        <dxl:StatsBucket Frequency="0.329670" DistinctValues="1.000000">
          <dxl:LowerBound Closed="true" TypeMdid="0.23.1.0" Value="0"/>
          <dxl:UpperBound Closed="true" TypeMdid="0.23.1.0" Value="0"/>
        </dxl:StatsBucket>
        <dxl:StatsBucket Frequency="0.339660" DistinctValues="1.000000">
          <dxl:LowerBound Closed="true" TypeMdid="0.23.1.0" Value="1"/>
          <dxl:UpperBound Closed="true" TypeMdid="0.23.1.0" Value="1"/>
        </dxl:StatsBucket>
        <dxl:StatsBucket Frequency="0.329670" DistinctValues="1.000000">
          <dxl:LowerBound Closed="true" TypeMdid="0.23.1.0" Value="2"/>
          <dxl:UpperBound Closed="true" TypeMdid="0.23.1.0" Value="2"/>
        </dxl:StatsBucket>
      </dxl:ColumnStatistics>
      <dxl:GPDBAgg Mdid="0.2108.1.0" Name="sum" IsSplittable="true">
        <dxl:ResultType Mdid="0.20.1.0"/>
        <dxl:IntermediateResultType Mdid="0.20.1.0"/>
      </dxl:GPDBAgg>
      <dxl:Index Mdid="0.17159874.1.0" Name="idx_x_j" IsClustered="false" IndexType="B-tree" KeyColumns="1" IncludedColumns="0,1,2,3,4,5,6,7,8,9">
        <dxl:Opfamilies>
          <dxl:Opfamily Mdid="0.1978.1.0"/>
        </dxl:Opfamilies>
      </dxl:Index>
      <dxl:RelationStatistics Mdid="2.16414481.1.1" Name="y" Rows="49829.000000" EmptyRelation="false"/>
      <dxl:Relation Mdid="0.16414481.1.1" Name="y" IsTemporary="false" HasOids="false" StorageType="Heap" DistributionPolicy="Hash" DistributionColumns="0" Keys="9,3">
        <dxl:Columns>
          <dxl:Column Name="i" Attno="1" Mdid="0.23.1.0" Nullable="true" ColWidth="4">
            <dxl:DefaultValue/>
          </dxl:Column>
          <dxl:Column Name="j" Attno="2" Mdid="0.23.1.0" Nullable="true" ColWidth="4">
            <dxl:DefaultValue/>
          </dxl:Column>
          <dxl:Column Name="k" Attno="3" Mdid="0.23.1.0" Nullable="true" ColWidth="4">
            <dxl:DefaultValue/>
          </dxl:Column>
          <dxl:Column Name="ctid" Attno="-1" Mdid="0.27.1.0" Nullable="false" ColWidth="6">
            <dxl:DefaultValue/>
          </dxl:Column>
          <dxl:Column Name="xmin" Attno="-3" Mdid="0.28.1.0" Nullable="false" ColWidth="4">
            <dxl:DefaultValue/>
          </dxl:Column>
          <dxl:Column Name="cmin" Attno="-4" Mdid="0.29.1.0" Nullable="false" ColWidth="4">
            <dxl:DefaultValue/>
          </dxl:Column>
          <dxl:Column Name="xmax" Attno="-5" Mdid="0.28.1.0" Nullable="false" ColWidth="4">
            <dxl:DefaultValue/>
          </dxl:Column>
          <dxl:Column Name="cmax" Attno="-6" Mdid="0.29.1.0" Nullable="false" ColWidth="4">
            <dxl:DefaultValue/>
          </dxl:Column>
          <dxl:Column Name="tableoid" Attno="-7" Mdid="0.26.1.0" Nullable="false" ColWidth="4">
            <dxl:DefaultValue/>
          </dxl:Column>
          <dxl:Column Name="gp_segment_id" Attno="-8" Mdid="0.23.1.0" Nullable="false" ColWidth="4">
            <dxl:DefaultValue/>
          </dxl:Column>
        </dxl:Columns>
        <dxl:IndexInfoList/>
        <dxl:Triggers/>
        <dxl:CheckConstraints/>
      </dxl:Relation>
      <dxl:ColumnStatistics Mdid="1.16414481.1.1.5" Name="cmin" Width="4.000000" NullFreq="0.000000" NdvRemain="0.000000" FreqRemain="0.000000"/>
      <dxl:ColumnStatistics Mdid="1.16414481.1.1.4" Name="xmin" Width="4.000000" NullFreq="0.000000" NdvRemain="0.000000" FreqRemain="0.000000"/>
      <dxl:ColumnStatistics Mdid="1.16422594.1.1.5" Name="cmin" Width="4.000000" NullFreq="0.000000" NdvRemain="0.000000" FreqRemain="0.000000"/>
      <dxl:ColumnStatistics Mdid="1.16422594.1.1.4" Name="xmin" Width="4.000000" NullFreq="0.000000" NdvRemain="0.000000" FreqRemain="0.000000"/>
      <dxl:GPDBScalarOp Mdid="0.96.1.0" Name="=" ComparisonType="Eq" ReturnsNullOnNullInput="true">
        <dxl:LeftType Mdid="0.23.1.0"/>
        <dxl:RightType Mdid="0.23.1.0"/>
        <dxl:ResultType Mdid="0.16.1.0"/>
        <dxl:OpFunc Mdid="0.65.1.0"/>
        <dxl:Commutator Mdid="0.96.1.0"/>
        <dxl:InverseOp Mdid="0.518.1.0"/>
        <dxl:Opfamilies>
          <dxl:Opfamily Mdid="0.1978.1.0"/>
          <dxl:Opfamily Mdid="0.1979.1.0"/>
          <dxl:Opfamily Mdid="0.3027.1.0"/>
        </dxl:Opfamilies>
      </dxl:GPDBScalarOp>
      <dxl:GPDBScalarOp Mdid="0.97.1.0" Name="&lt;" ComparisonType="LT" ReturnsNullOnNullInput="true">
        <dxl:LeftType Mdid="0.23.1.0"/>
        <dxl:RightType Mdid="0.23.1.0"/>
        <dxl:ResultType Mdid="0.16.1.0"/>
        <dxl:OpFunc Mdid="0.66.1.0"/>
        <dxl:Commutator Mdid="0.521.1.0"/>
        <dxl:InverseOp Mdid="0.525.1.0"/>
        <dxl:Opfamilies>
          <dxl:Opfamily Mdid="0.1978.1.0"/>
          <dxl:Opfamily Mdid="0.3027.1.0"/>
        </dxl:Opfamilies>
      </dxl:GPDBScalarOp>
      <dxl:GPDBFunc Mdid="0.7012.1.0" Name="last_value" ReturnsSet="false" Stability="Immutable" DataAccess="NoSQL" IsStrict="false">
        <dxl:ResultType Mdid="0.23.1.0"/>
      </dxl:GPDBFunc>
      <dxl:GPDBAgg Mdid="0.2803.1.0" Name="count" IsSplittable="true">
        <dxl:ResultType Mdid="0.20.1.0"/>
        <dxl:IntermediateResultType Mdid="0.20.1.0"/>
      </dxl:GPDBAgg>
      <dxl:Index Mdid="0.17159920.1.0" Name="idx_x_i" IsClustered="false" IndexType="B-tree" KeyColumns="0" IncludedColumns="0,1,2,3,4,5,6,7,8,9">
        <dxl:Opfamilies>
          <dxl:Opfamily Mdid="0.1978.1.0"/>
        </dxl:Opfamilies>
      </dxl:Index>
      <dxl:ColumnStatistics Mdid="1.16414481.1.1.7" Name="cmax" Width="4.000000" NullFreq="0.000000" NdvRemain="0.000000" FreqRemain="0.000000"/>
      <dxl:ColumnStatistics Mdid="1.16414481.1.1.6" Name="xmax" Width="4.000000" NullFreq="0.000000" NdvRemain="0.000000" FreqRemain="0.000000"/>
      <dxl:ColumnStatistics Mdid="1.16422594.1.1.7" Name="cmax" Width="4.000000" NullFreq="0.000000" NdvRemain="0.000000" FreqRemain="0.000000"/>
      <dxl:ColumnStatistics Mdid="1.16422594.1.1.6" Name="xmax" Width="4.000000" NullFreq="0.000000" NdvRemain="0.000000" FreqRemain="0.000000"/>
    </dxl:Metadata>
    <dxl:Query>
      <dxl:OutputColumns>
        <dxl:Ident ColId="1" ColName="i" TypeMdid="0.23.1.0"/>
        <dxl:Ident ColId="2" ColName="j" TypeMdid="0.23.1.0"/>
        <dxl:Ident ColId="3" ColName="k" TypeMdid="0.23.1.0"/>
      </dxl:OutputColumns>
      <dxl:CTEList/>
      <dxl:LogicalSelect>
        <dxl:SubqueryAny OperatorName="=" OperatorMdid="0.96.1.0" ColId="21">
          <dxl:Ident ColId="1" ColName="i" TypeMdid="0.23.1.0"/>
          <dxl:LogicalWindow>
            <dxl:WindowSpecList>
              <dxl:WindowSpec PartitionColumns="1">
                <dxl:SortingColumnList>
                  <dxl:SortingColumn ColId="2" SortOperatorMdid="0.97.1.0" SortOperatorName="&lt;" SortNullsFirst="false"/>
                </dxl:SortingColumnList>
                <dxl:WindowFrame FrameSpec="Row" ExclusionStrategy="Nulls">
                  <dxl:TrailingEdge TrailingBoundary="DelayedBoundedPreceding">
                    <dxl:Ident ColId="1" ColName="i" TypeMdid="0.23.1.0"/>
                  </dxl:TrailingEdge>
                  <dxl:LeadingEdge LeadingBoundary="DelayedBoundedFollowing">
                    <dxl:Ident ColId="2" ColName="j" TypeMdid="0.23.1.0"/>
                  </dxl:LeadingEdge>
                </dxl:WindowFrame>
              </dxl:WindowSpec>
            </dxl:WindowSpecList>
            <dxl:ProjList>
              <dxl:ProjElem ColId="21" Alias="last_value">
                <dxl:WindowFunc Mdid="0.7012.1.0" TypeMdid="0.23.1.0" Distinct="false" WindowStarArg="false" WindowSimpleAgg="false" WindowStrategy="Immediate" WinSpecPos="0">
                  <dxl:Ident ColId="11" ColName="i" TypeMdid="0.23.1.0"/>
                </dxl:WindowFunc>
              </dxl:ProjElem>
            </dxl:ProjList>
            <dxl:LogicalGet>
              <dxl:TableDescriptor Mdid="0.16414481.1.1" TableName="y">
                <dxl:Columns>
                  <dxl:Column ColId="11" Attno="1" ColName="i" TypeMdid="0.23.1.0"/>
                  <dxl:Column ColId="12" Attno="2" ColName="j" TypeMdid="0.23.1.0"/>
                  <dxl:Column ColId="13" Attno="3" ColName="k" TypeMdid="0.23.1.0"/>
                  <dxl:Column ColId="14" Attno="-1" ColName="ctid" TypeMdid="0.27.1.0"/>
                  <dxl:Column ColId="15" Attno="-3" ColName="xmin" TypeMdid="0.28.1.0"/>
                  <dxl:Column ColId="16" Attno="-4" ColName="cmin" TypeMdid="0.29.1.0"/>
                  <dxl:Column ColId="17" Attno="-5" ColName="xmax" TypeMdid="0.28.1.0"/>
                  <dxl:Column ColId="18" Attno="-6" ColName="cmax" TypeMdid="0.29.1.0"/>
                  <dxl:Column ColId="19" Attno="-7" ColName="tableoid" TypeMdid="0.26.1.0"/>
                  <dxl:Column ColId="20" Attno="-8" ColName="gp_segment_id" TypeMdid="0.23.1.0"/>
                </dxl:Columns>
              </dxl:TableDescriptor>
            </dxl:LogicalGet>
          </dxl:LogicalWindow>
        </dxl:SubqueryAny>
        <dxl:LogicalGet>
          <dxl:TableDescriptor Mdid="0.16422594.1.1" TableName="x">
            <dxl:Columns>
              <dxl:Column ColId="1" Attno="1" ColName="i" TypeMdid="0.23.1.0"/>
              <dxl:Column ColId="2" Attno="2" ColName="j" TypeMdid="0.23.1.0"/>
              <dxl:Column ColId="3" Attno="3" ColName="k" TypeMdid="0.23.1.0"/>
              <dxl:Column ColId="4" Attno="-1" ColName="ctid" TypeMdid="0.27.1.0"/>
              <dxl:Column ColId="5" Attno="-3" ColName="xmin" TypeMdid="0.28.1.0"/>
              <dxl:Column ColId="6" Attno="-4" ColName="cmin" TypeMdid="0.29.1.0"/>
              <dxl:Column ColId="7" Attno="-5" ColName="xmax" TypeMdid="0.28.1.0"/>
              <dxl:Column ColId="8" Attno="-6" ColName="cmax" TypeMdid="0.29.1.0"/>
              <dxl:Column ColId="9" Attno="-7" ColName="tableoid" TypeMdid="0.26.1.0"/>
              <dxl:Column ColId="10" Attno="-8" ColName="gp_segment_id" TypeMdid="0.23.1.0"/>
            </dxl:Columns>
          </dxl:TableDescriptor>
        </dxl:LogicalGet>
      </dxl:LogicalSelect>
    </dxl:Query>
  </dxl:Thread>
</dxl:DXLMessage>
