<?xml version="1.0" encoding="UTF-8"?>
<ivysettings>
  <!-- ====================================================================== -->

  <settings defaultResolver="default" />

  <!-- ====================================================================== -->

  <resolvers>
    <url name="shared" m2compatible="true">
      <ivy      pattern="https://mvnrepository.com/artifact/releases/[organisation]/[module]/[revision]/ivys/ivy-[revision].xml" />
      <artifact pattern="https://mvnrepository.com/artifact/[organisation]/[module]/[revision]/[module]-[revision]." />
    </url>
    <filesystem name="local">
      <ivy      pattern="/opt/ivy/modules/[organisation]/[module]/ivy-[revision].xml" />
      <artifact pattern="/opt/ivy/modules/[organisation]/[module]/[type]s/[module]-[revision].[ext]" />
    </filesystem>
  </resolvers>

  <include url="${ivy.default.settings.dir}/ivysettings-public.xml"/>
  <include url="${ivy.default.settings.dir}/ivysettings-main-chain.xml"/>
  <include url="${ivy.default.settings.dir}/ivysettings-default-chain.xml"/>

  <!-- ====================================================================== -->

  <triggers>
    <ant-call target="download-untar-trigger"
              prefix="dep"
              event="post-download-artifact"
              filter="type=targz AND status=successful"/>
  </triggers>

  <!-- ====================================================================== -->

</ivysettings>
