<?xml version="1.0" encoding="UTF-8"?>
<dxl:DXLMessage xmlns:dxl="http://greenplum.com/dxl/2010/12/">
  <dxl:ScalarExpr>
    <dxl:FuncExpr FuncId="0.870.1.0" FuncRetSet="false" TypeMdid="0.25.1.0">       
      <dxl:FuncExpr FuncId="0.871.1.0" FuncRetSet="false" TypeMdid="0.25.1.0">     
        <dxl:FuncExpr FuncId="0.870.1.0" FuncRetSet="false" TypeMdid="0.25.1.0">   
          <dxl:ConstValue TypeMdid="0.25.1.0" IsNull="false" IsByValue="false" Value="AAAABk9N" LintValue="723362604"/>
        </dxl:FuncExpr>                                                            
      </dxl:FuncExpr>                                                              
    </dxl:FuncExpr> 
  </dxl:ScalarExpr>
</dxl:DXLMessage>
